1	最近汪小菲、大S一家四口出去玩，汪小菲还给大S拍了照片，照片中的大S宛如少女般的美貌，完全让你看不出年纪的美呀！跟橘子君一起来看看！.不得不说大S真的瘦下来了，弯弯的笑眼笑起来可真甜，浑身透露出妈妈的味道，这样的她也很迷人呀！.再来看看别人拍的大S和汪小菲，有木有看到汪小菲痴汉般的眼神？哈哈哈哈，简直就是老婆的向日葵无疑了！..网友们也纷纷赞扬大S脸好小，瘦下来太美了，也有说是杉菜本人的？那也是橘子君的记忆呀！..真正开心、幸福的笑容果然大家都感受的到呢！.还有网友说汪小菲眼里都是她，她是真的很幸福呀，这话没毛病！..这就是嫁给爱情的样子吧，你开心了对方就开心了，看到大S这么甜美的笑容，能感受到他们一家人是多么幸福欢乐，橘子君也觉得能力满满，希望大家都能找到属于自己的幸福哟！.最后一句.早上就让我们从甜蜜的消息开始吧！....
1	昨天娱姬小妖就爆料杜志国和杨姓女子疑似婚外恋的消息
1	.刚刚曝光了电话录音，录音中两人应该是有感情纠葛的，而且杜志国也提了自己的名字，称孩子生下来他养，但是给不了家庭，只能给感情....这是整理过的对话内容，大家感受一下↓.之前的爆料橘子君带你们回顾一下，有一位杨女士爆料自己喝了酒之后就神志不清醒了，醒来之后便发现自己是裸露的
1	. 她还称自己怀孕了，并放了证据，也说自己联系了杜志国，杜志国说会离婚跟她结婚....不过后来这位杨女士得了甲状腺癌，所以只能打掉了孩子
1	.不仅如此，还提供了聊天记录和杜志国的照片
1	.而随后杜志国回应了这件事，称女子言论不实，自己也已经报警了，还提供了该女子有多次犯案记录
1	. 但是这波录音出来，就推翻了杜志国之前的说法，看来真相还有待确认，我们也等等杜志国这边的回应吧，真是一瓜未平一瓜又起呀
1	.（来源@娱姬小妖）.最后一句.你怎么看？..
1	昨晚，迪丽热巴粉丝一封长信致嘉行
1	本来粉丝撕公司这种事已经司空见惯了，但橘子君还是被这惊人的转发量给吓到了↓↓.下面，就跟着橘子君一起来看看这篇长文吧~不得不说，热巴的粉丝在撕公司这方面堪称粉圈一股清流，不仅写下千字长文还配了图
1	.划重点：.热巴签约了十五年，这一个女演员的最好的时期了耗在这儿了
1	.现在居然还没有专门的团队，经纪人宣传造型全都共享，这点太无语
1	.与同公司艺人捆绑太过，排列组合，接的影视资源完全不符合她一个上升期小花
1	.对《三生三世枕上书》的担忧：.制作班底是否有能力保持剧的水准.是否保证忠于原著.嘉行公关能力能否维护好口碑.不得不说橘子君还是被粉丝统计的上千职黑帐号给吓到了，粉丝可以说是很用心了！.列举迪丽热巴的种种成绩，希望公司不要压榨艺人价值，消耗粉丝热情↓.橘子君去网上遛了一圈回来，发现对于这件事，网友们的评价两极分化特别严重
1	.有网友说：“我很反感粉丝的不理智败坏她的人缘
1	热巴的走红离不开公司，公司却能捧另一个“热巴”
1	不积跬步无以至千里，不甘心一步步来，只能如同空中楼阁一朝不慎满盘坍塌
1	”.也有非常心疼热巴和粉丝的：“说实话同期90后小花哪个没有工作室，连95后都有，粉丝的要求合情合理吧
1	接到原著是唐七的戏，粉丝不表明态度难道等着下一个大毒饼吗？如果公司给一直给安排涉嫌抄袭的剧，粉丝安静如鸡照单全收，怕是又要被喷**粉没有原则三观不正
1	”.有粉丝表示：“一字一句都是粉丝的心里话，没有要怼公司的意思，15年，一个女孩子有几个美好的15年呢，粉丝只是想合理的提出自己的意见，毕竟是心尖上的人，也希望公司可以有真诚的回应
1	”.最后一句.你怎么看？.
1	嗯.....不知道该怎么开头，按理说是该有个后记哈
1	.今年的“橘子辣访×【青春有你】”来的有点晚，而且匆忙
1	.听说去年的“偶练”系列得到了很多搞偶女孩的好评（厚脸皮），我们也在各种小组、微博看到了大家的催更，其实“青你”比赛进行到35进20的时候我们就有这个安排了，但是每年的情况不一样嘛，由于种种原因，今年我们是在3.31见面会结束后“突击”采访的
1	.包括人选也是，很多人会好奇采访的分组是怎么来的，去年是我们自己选的人，考虑了谁跟谁一起会效果比较好，今年的话，我们也提了一版自己的人选，不过最后还是按照节目组给的名单来了
1	.采访安排的比较匆忙，地点就定在了见面会附近的公司
1	.周末的公司没什么人，我们架好机器之后就坐在采访间等着，本来周围特别安静，结果他们从电梯上来开门的瞬间，整个公司就立马充满了男孩子叽叽喳喳的说话声，真的不夸张，闭着眼感觉周围就像那种下课后解散的操场，也是佩服大家刚在台上又跳又玩游戏的，下来之后还那么有精力.......没记错的话当晚大概是四家媒体，一家一间采访间（就是会议室），男孩子们分组轮流进去接受采访，大家可以脑补一下画面，面试的即使感.....第一组拿到橘子麦标的是姚明明和胡春杨，采访进行了半小时左右
1	.胡春杨同学日常看不清提词纸，很想“质问”他为什么又不戴眼镜，录了几遍之后还给我们在线改起了ID，明明是“最狠的30个问题”，他愣是念成了“正常的30个问题”试图“萌”混过关.....（怀疑是故意的）.想起上次录扭蛋机的时候他也没戴眼镜，那次的ID更长，这孩子到最后干脆像背课文一样开始背词，施展看不下去，说你要不跟着我说吧，于是就有了那次像双簧一样的二重奏式开场白.......姚明明同学稳中带皮，坐在胡春杨旁边像个小家长一样，一会提醒他看镜头，一会又让他挺起背坐直，很贴心了.......他私下还是很活泼的，梗也很多，只不过需要多聊一些才能慢慢get他的幽默
1	.接下来的内容大部分就是正片看到的那些了↓.姚明明回应早前说相声的经历，希望粉丝不要再考古：.耿直的杨杨竟然自曝了身高，还说自己看起来跟别人一样高的原因可能是有人谎报了......（哈哈哈倒也不必如此耿直）.本来以为把这两位组在一起采访会没什么火花，没想到他们“配合”的还不错哈哈哈......这是我们第二次和春杨、明明见面了，第一次是去大厂拍摄开头提到的“青春扭蛋机”，那时候他们还是和其他的小伙伴组队完成任务，时隔一个月，他们又离自己的梦想近了一步.......等你们成为大明星之后再见吧
1	.最后一句.完整版↓..
1	改编自南派三叔小说《盗墓笔记》，由侯明昊、成毅、李曼、张博宇、刘学义、姚奕辰、姚橹等主演的超级季播剧《怒海潜沙&秦岭神树》今日曝光片尾曲《生如狂澜》MV
1	“铁三角“侯明昊、成毅、张博宇倾情献唱，热血生动的歌词与高燃剧情相辉映，青春气息搭载“冒险、求知、亲情、友情”等多元素，一场别开生面的秘境探险之旅就此开启
1	..侯明昊成毅张博宇热血开嗓 探险小分队一路斗勇.片尾曲MV伴随着热血激昂的旋律，将“铁三角”吴邪（侯明昊 饰）、张起灵（成毅 饰）、王胖子（张博宇 饰）一行人从海底到秦岭勇探秘境的故事徐徐铺展开来
1	歌词“习惯对未知挑战，磨合心理的蜕变，无惧黑暗，掀起狂澜，收割着生命的历程狂欢”道出三人无畏向上的勇气
1	MV中三人并肩作战的画面，让观众热血澎湃
1	.随着MV剧情的逐渐深入中，剧中紧张的气氛频频交锋也有了立体呈现，人物关系在一路斗勇博弈下初露端倪，吴邪、张起灵、阿宁（李曼饰）、王胖子破解机关奥秘，于危境中绝地反击，画面上不时穿插着弓箭、火花、追逐、巨浪等预示着危险降临的片段，随着节奏步步紧逼，重重疑团逐步跃攀悬念新高度，令不少网友们纷纷表示“信息点燃炸！”.少年斗志熊熊燃烧 青春探险之旅即刻启航.据悉，该剧讲述了吴邪、张起灵、阿宁、王胖子为代表的一行人，先后奔赴海底及秦岭探险寻谜的故事
1	主人公一行们在探寻的过程中，不断克服困难，展现了少年们在逆境中积极勇敢的精神面貌，极具感染力
1	昨日发布的“激浪青春”版海报，四位主演虽纵身汪洋却目光坚定，富于动势的体态破浪溢出热血温度，上演了一场水与火的顽抗
1	画面中一束强光自海面径直射入，让人在冰冷的海底感到一丝生机，破局的希望触手可及
1	探险小分队的青春热血之旅，就此开启！.《怒海潜沙&秦岭神树》由欢瑞世纪出品，上海腾讯企鹅影视文化传播有限公司、霍尔果斯五光十色影业有限公司联合出品，由刘国辉、李昂、周煜壹执导，田良良、孟扬、陈晨、李昂、阿瞬、刘芹志编剧，6月6日起登陆腾讯视频全网独播，每周四五六20点更新2集，会员始终多看6集，两部连播，秘境探险，赤诚前行，敬请期待！.
1	在2019上半年出道的爱豆团体中，有一组特别的新人男团饱受乐坛瞩目，他们就是《王者荣耀》旗下男团——无限王者团
1	无限王者团于今年5月3日成团，并在成团当日发布首支单曲《Wake Me Up》，迅速抢占QQ音乐内地榜、巅峰榜，酷狗音乐飙升榜等多个榜单前列，并于近日登陆Billboard中国音乐单曲榜
1	.不少网友对该团单曲的制作幕后故事十分好奇，为此，知名乐评人邓柯特地约访无限王者团音乐制作人Starland，为大家揭秘这位“大咖”与无限王者团之间的故事
1	..以下为邓柯对Starland的采访原文：.——————————.近日，关注到经常玩的游戏《王者荣耀》推出的「无限王者团」首支单曲《Wake Me Up》登上Billboard中国音乐单曲榜，我便想着了解了解，尤其是打听 Starland 这个之前没听说过的音乐制作人是何方神圣
1	.意料之外情理之中的是，这是一位此前已经非常知名的音乐制作人的新艺名，于是我就顺理成章地约了一个采访，和他好好地聊了聊王者男团
1	..· 谁是无限王者团？.无限王者团由《王者荣耀》平行宇宙中的五位高人气成员白、亮、云、信、守约组成，「唤醒无限可能」是这个团的核心概念
1	.  我们都知道，《王者荣耀》历来重视游戏音乐厂牌打造，曾经由汉斯季默（Hans Zimmer）领衔的超豪华音乐制作团队就已经震撼了整个业界
1	随着这些年游戏的运营和改版，不但有霍华德·肖（《魔戒三部曲》的作曲者，为《王者荣耀》制作《永远的长安城》）这些国际一线作曲家加入了《王者荣耀》配乐的制作行列，还陆续邀请了华晨宇、李荣浩、毛不易、萧敬腾、李宇春等知名唱作人创作了一系列游戏英雄主题歌
1	这种级别的游戏音乐创作规格，放眼世界游戏产业都是罕见的
1	.而这次《王者荣耀》则想到了另一种可能——王者男团
1	.王者男团的成团单曲邀请了国内顶级制作人 Starland 操刀，单曲一经发布，迅速于各大网络平台引发热潮，占据榜单前列，例如QQ音乐内地榜TOP1、巅峰人气榜TOP5，Billboard中国音乐单曲榜TOP100
1	对于新人的第一支作品而言，这个成绩无疑是非常亮眼的
1	.  那么——.· 无限王者团是怎样做到的？.在近一个小时的采访里，Starland有一半的时间都在向我讲解为「无限王者团」这个男团进行音乐企划、作品定位和歌曲制作中的细节
1	.首先，制作人需要从团魂「唤醒无限可能」出发，通过区格化的艺能表现，展现他们身上的无限可能性
1	经过前期非常长时间的慎重权衡与考量，才完成了无限王者团的成员设定与最终位置：云是有责任心与担当的团长，舞台上的情感表现力丰富，声线干净清透，担任团长及副 Vocal；亮知识渊博、才华横溢，负责了许多旋律与歌词的写作，是团内的主创及主 Rapper；白潇洒飘逸，天赋异禀，是团队的 C 位及主  Vocal；信热情奔放是舞蹈担当，舞蹈极富力量感和冲击力，同时也担任队内副 Rapper；最后一名成员守约作为队内音域最广的成员，是队内副 Vocal 及领唱
1	.为了把这些性格表现得更为细腻，制作人 Starland还精心设计了配唱分句以凸显各人特质，比如主 Vocal 白的演唱实力极强，所以歌曲里最难的乐句都分给了他；亮的爆发力强，所以集中安排在 Rap 段落中展现；而云因为声音的高融合性，通常安排在段落之间的接口处，让歌曲情绪推进得更为顺畅，等等
1	.值得一提的是，制作人 Starland 不仅为这些歌手录唱了和音，而且亲自完成了混音（Mixing）和母带（Mastering）的工作——要知道在标准的流行音乐制作流程中，混音和母带都是在完成制作后，交由专业的混音师和母带工程师完成的
1	但《Wake Me Up》作为无限王者团的成团首单，他们的音色对于填充听众想象、塑造人物性格会起到至关重要的作用，所以 Starland 亲自完成了整个声音后期制作，对每一位歌手的音色处理都做到了亲手把控，以避免因为理解偏差而导致成品偏离原意
1	.这样的工作，丝毫不比为知名男子团体制作歌曲来得轻松（某种意义上还要更复杂）
1	.  谈到为什么要跳离舒适区，接受「打造王者男团」这一富有挑战性的任务时，Starland 谈了三点原因：.1、《王者荣耀》团队带着很大的诚意来合作，并且进行了充分的前期设计，对于官方的专业度和诚意，他表示十分认可；.2、做了多年爱豆团体，包括打造了很多超人气爱豆，他觉得已经越来越同质化，越来越没有挑战，所以想尝试一下新领域；.3、Starland 老师非常看好王者男团未来在娱乐产业的发展空间，尤其考虑到圈层文化爱好者越来越多，小众文化有进一步出圈的趋势，加之《王者荣耀》并非小众，也许会给娱乐产业带来不一样的可能性
1	.这和我的判断是一致的
1	.根据我这些年对音乐行业尤其是爱豆产业的观察，虽然各大爱豆节目、流量明星的商业价值仍在不断攀升，但其实圈层的固化程度也是在增加的：爱豆仍然具备巨大号召力，但出圈的难度也越来越大，换言之爱豆的流量大多来自于原有圈层的深耕，而较少来自跨群体的广度传播
1	.在这样的背景下，那种常规造星模式的空间会越来越小，而像「无限王者」这样看似激进的破圈操作，反而具备巨大潜力——游戏、动漫等领域的二次元人群各有自己喜爱的游戏动漫人物，而一旦我们通过各种手段将其人格化赋能、让他们从游戏世界走到用户身边，成为用户可感、可触的真实的“人”，在用户移情上也许比重新塑造一个新人要更加直接
1	.· 无限王者团将走向哪里？.当然，「无限王者团」并不是第一位从IP中脱胎出来的歌手团体
1	此前业界已经出现了类似与 Vocaloid 这样的歌手，以及由游戏或动漫人物延伸出来的爱豆形象，它们各有自己的粉丝群体，但像无限王者团这样脱胎于海量用户基础的游戏 IP的，并完全按照真实爱豆路子打造的男子团体，的确是没有先例
1	现在成团单曲已经完成，那未来将向哪方面发展呢？.Starland 首先确认的是：无限王者团绝不仅仅是一个只在线上平台活动的团体，它一定会出圈，从游戏世界走到现实生活中，比如未来的线下演唱会等
1	这些在单曲中献声的歌手们也会出现在演唱会中，不仅将现场演唱单曲，而且会用语音与现场以及线上的粉丝们互动，这样能够和粉丝互动、有血有肉的艺人，才能真正走入粉丝的心里
1	男团或将以全息投影等技术方式呈现
1	.Starland 也透露，无限王者团同样会是一个给更多音乐制作人发挥自己想象力的平台（业界不少制作人都是重度王者玩家，我去录《中国好声音》时，录像间隙专业评审们能开出好几个五排车队），每个人对于这些游戏人物的想象，都可以用音乐的方式表达出来
1	.而这也会给音乐业界，乃至整个娱乐产业以更大的发展空间
1	时下，越来越多的动漫粉丝、游戏玩家成长成为社会主流、行业中坚（当然也包括音乐制作行业），小众圈层内容的发展必然迎来巨大爆发
1	在大势所趋的时机下果断入市，确是《王者荣耀》的一招秒棋
1	.整个访谈进行得非常顺利，一方面是因为我对这个男团产生了十足的兴趣，对他们的未来也充满期待，而另一方面，也更重要的是，Starland 老师对「打造男团」这件事情的体系化深入思考，以及丰富的专业经验，让我对行业有了更立体的认识
1	.新兴的形式将成为未来文娱行业重要的一部分，这已是我们达成的共识，至于怎样去理解、思考甚至打造——.下次再聊吧
1	由腾讯视频出品的大型青年团训节目《创造营2019》将在本周六晚（6月8日）19点30分迎来总决赛，并以直播的形式与男团创始人一起见证少年们的成团时刻
1	火箭少女101将助力学弟正气成团，华晨宇、蔡康永、侯佩岑等业内前辈也已确认加盟总决赛，陪伴少年们走向成团之路
1	最终，26位学员会在总决赛之夜带来怎样的表演？又有哪些学员能够顺利冲入点赞前11名？《创造营2019》成团之夜即将拉开帷幕，悬念亟待揭晓
1	.总决赛倒计时进入尾声 成团位争夺战即将打响.上期节目中，最后一次舞台公演任务已经发布，26位学员将组成两支表演战队，分别以歌曲《赤子》《乘风》打响最后的成团位争夺战
1	学员们根据上一赛段点赞排名成绩从高到低依次进行歌曲选择，且在选择过程中无法知晓上一位学员所选曲目
1	周震南直接走向《赤子》组，何洛洛则在选择《乘风》后对不能与周震南同台表示遗憾
1	《乘风》组的满员“危机”让作为推荐生的赵政豪无所适从，而《赤子》组周震南等人的“吐槽”也令后进来的秦天紧张不已
1	面对最后一次的舞台公演任务，学员们都慎重地做出了选择，他们又将在成团之夜的舞台上呈现怎样的表演？决赛在即，一场独属于26位学员的成团位争夺战即将打响
1	.值得一提的是，周震南自首次公布点赞排名起便一直稳居排行榜榜首之位，这位年仅18岁的少年不仅在舞台上拥有无限潜能，更一次次用行动证明了自己的实力，成为众多网友心中的“成团中心位”
1	除此之外，还有曾在节目里大声喊出“总决赛见”的夏之光；哭着说一定会漂漂亮亮走完最后一程的赵磊；在得知自己第三次公演点赞排名后才真正感受到“努力总会被看见”的姚琛；以及最终以推荐生身份继续留在创造营追梦、写歌的赵政豪……一路走来，少年们在一次次的挑战中成就了更好的自己，如今成团在即，最终哪些学员能在舞台上逆风翻盘，实现成团梦想？需待节目上线后一探究竟
1	.火箭少女101与华晨宇惊喜助阵 蔡康永侯佩岑将担任成团司仪.随着成团之夜的临近，部分嘉宾阵容也逐渐曝光
1	火箭少女101与华晨宇惊喜助阵，将在决赛现场为观众呈现一场精彩的舞台大秀
1	蔡康永、侯佩岑则将联手担任成团司仪，助力少年们走向成团花路
1	学姐们“毕业”一年后重返追梦舞台，将会在内心激起怎样的感触？当搞怪才子遇上气质才女，蔡康永、侯佩岑又会与男团发起人迪丽热巴以及26位学员碰撞出怎样的火花？成团之战即将打响，对学员们来说，几位行业前辈的助阵既是他们的追梦动力，也将成为他们人生道路中的一座指明灯
1	.在将近100天的“团训”时光里，学员们在初舞台上学会认识自我，在第一次舞台公演中明白“对手”与“兄弟”的真正含义，在海边拉练中学会笑着面对离别，也将在总决赛的成团之夜迎来一个新的自己
1	《创造营2019》的舞台见证着他们永不被磨灭的赤子之心，也见证者他们一次又一次的成长与蜕变
1	如今，成团之梦就在眼前，相信每一位学员都会舞台上拼尽全力，带着创始人的热切期待，也带着家人的殷殷嘱托，光芒成团
1	腾讯视频出品的大型青年团训节目《创造营2019》于6月8日晚迎来总决赛成团之夜，以直播形式放送
1	进入总决赛的26名学员通过《赤子》和《乘风》两个炸裂的团队舞台表演以及燃爆的个人大秀，向观众展示着入营以来的成长与蜕变
1	最终周震南、何洛洛、焉栩嘉、夏之光、姚琛、翟潇闻、张颜齐、刘也、任豪、赵磊、赵让乘风破浪，以“R1SE”之名正式成团
1	周震南以“断层式”点赞数获得第一名
1	此外，成团之夜当晚，不仅有张大大担任成团司仪、侯佩岑担任成团见证人，更有梁家辉、华晨宇、火箭少女101作为嘉宾惊喜助阵，为少年们保驾护航
1	.总决赛成团之夜燃爆收官  “R1SE”正式成团未来可期.《创造营2019》总决赛成团之夜，由寓意着学员们扬帆起航、乘风破浪的轮船造型幕布揭开，观众在全体学员们的开场歌舞秀《世代男团秀》感受着节目组的用心，《爱》、《流星雨》、《宠爱》、《喊出我的名字》串联起中国男团的过去和未来
1	.总决赛作为少年们的“毕业大考”，通过自己的实力与努力进入总决赛的26名学员，凭借《赤子》和《乘风》两个炸裂的团队舞台表演以及或燃爆或震撼或惊艳的个人大秀，向创始人们展示着入营以来的成长与蜕变
1	周震南、焉栩嘉、夏之光率队的《赤子》与何洛洛、刘也、任豪领衔的《乘风》，不仅与《创造营2019》“赤子之心、乘风破浪”的口号不谋而合，更是在对创始人们表达决心与感恩，“约定的地方和荣耀之时，感谢你在此”、“过关斩将闯过来，乘风破浪冲出来，我全部青春用来爱”，创始人们纷纷表示从舞台呈现和歌词中，都感受到了少年们一往无前的态度与决心
1	.此外，26名学员每个人还为观众展示了个人秀，让观众更好的看到每个少年的独一无二
1	此前三次公演都是组队完成，他们每个人为了让团队呈现更好的效果，他们在不同程度牺牲过自己的篇幅和特长
1	而在总决赛的此环节中，舞台上的表演只属于他们自己
1	不管是夏之光、刘也、秦天将中国风与现代流行元素结合的舞蹈，还是牛超、丰楚轩炸裂舞台的震感舞，都令创始人记忆深刻
1	不管是李鑫一、高嘉朗等人的用情歌唱，还是赵磊、李昀锐、吴季峰的走心演唱，都让创始人们大呼“听得不过瘾”
1	而周震南、张颜齐、张远等人的说唱表演，更是让创始人感受他们的能量与态度
1	作为中国最强男团的预备成员，他们的舞蹈、声乐、说唱的实力，都已经通过这个舞台得到了证明与检验
1	. 最终在创始人们的点赞支持下，周震南以“断层式”点赞数获得第一名，与何洛洛、焉栩嘉、夏之光、姚琛、翟潇闻、张颜齐、刘也、任豪、赵磊、赵让一起登上梦想方舟，以“R1SE”之名正式成团
1	寓意着从地平线上升起 ，不断追逐太阳，始终向着中国最强男团目标奋力奔跑
1	“R1SE”男团从成立那一刻起即全团成为纯甄小蛮腰品牌代言人，除此之外还有近10个品牌敲定了代言合作
1	VIP之星榜单前三名获得者周震南、何洛洛、焉栩嘉也正式成为腾讯视频VIP代言人
1	成团首秀所表演的同名成团曲《R.1.S.E》，也将成为这个夏天最值得期待的好莱坞科幻动作大片《黑衣人：全球追缉》的中国区主题推广曲……新的男团时代开启了，“R1SE”男团的征程刚刚开始，少年们冉冉升起、未来可期
1	.梁家辉华晨宇惊喜助阵  火箭少女101为学弟领航梦想. “成团之夜”当晚，“影帝”梁家辉惊喜现身与“回家”的返场学员们一同带来了《创造营2019》主题曲《喊出我的名字》爵士舞版大秀，当即掀起话题热潮
1	作为演艺圈前辈，梁家辉对少年们的舞台表现给予盛赞，并表示自己既是男团创始人之一，又开玩笑称自己是《创造营2019》的校长
1	更在现场为学员加油打气，“永远要怀有一颗赤子之心，拥抱年轻与拼搏，我们都是追梦人”
1	.此外，华晨宇作为表演嘉宾登台助阵，献唱《新世界》气场全开，展现超强唱功与舞台表演张力，点燃全场
1	华晨宇寄语少年们：“希望你们在未来可以很专心的去做自己的专业，为这个行业多做些贡献，带来好的作品
1	也不要辜负热爱你们的人，做一个正直的优秀的榜样，这也是青年榜样最应该有的担当和责任
1	”.火箭少女101作为《创造营2019》学员们的学姐，也在这个特殊的夜晚回来了，去年学姐们逆风翻盘、向阳而生，今年学弟们赤子之心、乘风破浪
1	舞台从来都是一个承载和梦想还有荣耀的地方，曾经学姐们站在同样的位置等待梦想被揭晓的时刻，现在以过来人的身份为学弟们领航梦想、加油打气，颇有星火传承之感
1	.班主任团以水代酒送学员出征 《创造营2019》少年们点亮今夏.《创造营2019》的四位班主任郭富城、苏有朋、黄立行、胡彦斌在过去的几个月中，把在这个行业几十年中所有的心得和技能，全部毫无保留倾囊相授、陪伴学员一同成长
1	对学员来说，离开创造营之后便是新的世界，班主任们以水代酒在成团之夜送全体学员出征，壶中的“酒”亦是学员淋过的雨、踏过的浪、洒下的汗、流过的泪，它比所有酒都烈、比所有的情都浓
1	.郭富城警示学员，成为一个真正的艺人之前，先要学会做一个真正的人；苏有朋动情发言：“离开创造营以后风浪难免，别担心，苏老师有售后服务，我一直都在
1	明天之后，咱们就不是师生了，咱们是兄弟”；黄立行表示：“你们用勇敢和努力，赢得我的尊重”；胡彦斌寄语学员，走得越远就会越孤独，请永远要记得信念才是最大的力量，要相信相信的力量，它可以帮助你击破所有的困扰和怀疑
1	.创造营少年们在“男团发起人”迪丽热巴的陪伴成长与四位班主任的传承榜样精神作用下，100多天的团训让他们获益良多、飞速成长
1	《创造营2019》在顶级制作团队与播出平台的护航下，不仅收获了抢眼的市场表现，更不断收割话题热点
1	值得一提的是，《创造营2019》是腾讯视频基于对当下中国男团市场痛点的洞察，全新打造的一档大型青年“团训”节目，志在寻找真正怀有“赤子之心”的少年，挖掘、展现少年的正向风貌，打造一个真正被大众认可的中国本土男团，推动男团市场“从有到优”的变革，对整个行业以及当下的年轻人传递正向社会价值观
1	.正是因为节目积极向上正能量的特性，收获了良好口碑，激励每个有梦的少年勇敢追梦
1	就像周震南所说，“因为我们敢想敢做，所以我坚信我们一定会开创新的男团标准”
1	“R1SE”男团可谓是中国少年的追梦之旅提供正能量范本，他们用自己的汗水、努力与勇气成为了这个夏天最闪耀的光，但他们远不止于此，因为他们的旅程才刚刚开始
1	今夏最火网综《创造营2019》终于在6月8号的晚上迎来完结篇，.周震南以37098540个赞当选中心位，率领R1SE正式出道
1	.  除了创造营学员，表演嘉宾也星光熠熠
1	.华晨宇以一首《新世界》炸翻全场：.  创造营“学姐”火箭少女101作为“前辈”登台：.  当然，还有另一组神秘小哥哥们引起了我的注意
1	.他们看着酷酷的，笑起来却很温暖
1	他们身着Thom Browne的绅士高定服，以一种你从未见过的船新方式，完成了一场精彩的唱跳表演
1	.   他们就是，从《王者荣耀》的平行宇宙觉醒而来，和大家在全新故事里浪漫邂逅的——“无限王者团”！. 完颜帅哥，在线热舞，这谁顶得住啊？. 无限王者团由人气成员云、亮、信、白、守约组成，“唤醒无限可能”是男团的团魂，这就意味着，他们有各种你想得到或想不到的打开方式~. 当晚，五位小哥哥身着绅士高定服，以炸裂的成团单曲《Wake Me Up》为《创造营2019》收官战助阵，同时也开启了他们自己的舞台首秀
1	动感的音乐，整齐的舞蹈，短短几分钟表演，就让大家都记住了「无限王者团」这个名字，掀起了决赛夜的小高潮
1	.  五位小哥哥在舞台上还各有各的“圈粉point”，比如……拥有“特殊出场方式”的C位兼主唱白、rap flow多变的主rap亮、舞蹈潇洒帅气的信、温柔可爱的领唱守约，以及领队的阳光boy团长云，不管你pick哪一款，对于完颜团而言，反正帅哥的身边还是帅哥！. 值得一提的是，此次无限王者团空降《创造营2019》，是带着为学员们“充电”的任务来的
1	作为现场最特殊的一组特邀嘉宾，他们用火力全开的表演，圆满地完成了这次“充电”任务
1	. 你，有被电到吗？. 最先进的AR技术，GET电影大片效果√. 那么，这么惊艳的舞台，无限王者团到底是怎么做到的呢？. 当然是……点亮科技树啦！. ACG-AR晚会系统，AR-touch播控系统，32个Optitrak. p41动捕摄像头……别被这串专业名词吓到，其实这才是这次舞台的幕后功臣呢~.  听说这次的表演，是严格按照电影工作流程进行制作的！高级ACG-AR晚会系统，会让整个演出呈现出电影CG般的真实感与厚重质感，让大家有在看音乐电影的感觉；而全身布料实时解算，能还原 Thom Browne品牌服装的布料质感，毕竟绅士高定服，排面（划掉）优雅很重要；或许，你还注意到了舞台上炫目的光影效果，那得益于AR-touch播控系统，让五位成员可以与舞台环境互动，让整个表演的真实感更强
1	.  对于最重要的舞蹈方面，无限王者团使用了32个目前最先进的Optitrak. p41动捕摄像头，把舞蹈细节抠到最细，每一个动作都“撩”到你心里！不但如此，他们还实现了在唱歌的时候成员嘴型同步，这是目前市面同类爱豆很难做到的，五个人物同时处理技术难度就更难实现了，但无限王者团给予了观众最真实的舞台感
1	. 作为新人，无限王者团的舞台首秀就采用顶尖制作技术打磨质感和细节，虽然制作过程也许并不简单，但我想这就是他们对粉丝的用心和诚意满满的表现吧！.  看完在“创造营”上的舞台首秀，相信大家都开始期待这个“不一般”的男团未来的发展
1	据成团时的官方发布，和官方确认下眼神——.或许大胆猜想，.下一站……音乐专辑，线下巡演什么的，..
1	“我可能不能接受跟机器人在一起，但是会好好思考到底需要怎样的陪伴关系
1	”“不同人群的矛盾何止在边境？墙其实在人心里已经先建立起来了
1	”6月8日，腾讯新闻出品推出的《明天之前》节目在上海电视节首映，率先放出《近邻？近敌？》与《伴侣机器人》两期节目，探讨人类未来的生活变化，话题之前沿，让到场观众与嘉宾均陷入思考与讨论之中
1	.在展映活动上，曾宝仪与朱凌卿等节目主创人员与大家分享了一年的拍摄过程中，主创团队的思考和一些幕后花絮
1	曾宝仪笑称：“有些拍摄场景真的太危险，我出发前已经留好遗书
1	”而著名出版人张立宪观影后表示：“AI伴侣的发展，最终将颠覆原有的婚姻制度
1	”.打破“信息茧房”，探索地球人的未来.《明天之前》专题节目由腾讯新闻出品联合英国奥斯卡获奖团队Grain Media共同制作，以国际视野，耗时一年，对话世界近二十个国家地区的前沿人群，探讨人类未来在新变化中如何生活，如何与他人、与自我相处
1	专题节目将围绕《伴侣机器人》、《人类应该追求永生吗》、《近邻？近敌？》等前沿话题进行讨论
1	影片中的故事和人物揭示了人类作为个体和群体可能将会去到的未来，以及人类文明未来5-10年内就将面对的变革和重塑
1	.主创团队在互动交流中谈到创作初衷，均提到在目前的互联网时代下，充斥着泛娱乐内容，大众看似信息丰富，实则陷于基于自身兴趣和视野，相对重复的信息茧房中
1	腾讯新闻出品好雨知时工作室总监金辉说：“《明天之前》希望站在国际视野上去观察这个世界的变化
1	十年前网络没有这么发达，但是感觉世界离我们更近，世界上发生的很多事情我们都有关注
1	现在生活越来越虚拟，大家陷入手机中的碎片信息里，反而让我们离生活的星球越来越远
1	”腾讯新闻出品制片人朱凌卿补充：“因而腾讯新闻出品要做真正开阔眼界的一系列节目，去关注一些更大的，但是一定会到来的人类选题，把我们当做地球人去看人类将要共同面临的问题
1	”.作为主创之一，曾宝仪也表示此次拍摄令她有了对世界全新的认识：“当你去了解你会发现，这些事真真实实地发生在地球上，我们不仅仅是我们自己，我们还是地球人
1	”.未来没有答案，仍需积极面对.《明天之前》首映会率先放出《近邻？近敌？》和《伴侣机器人》两期节目，分别讨论了美墨边境非法移民问题和人与AI机器人的关系
1	曾宝仪与朱凌卿在观片后，现场分享拍摄的幕后花絮
1	.提起在边境的拍摄，曾宝仪用“太难了”去形容
1	“在墨西哥的时候，坐在车里就被向导提醒不要往右看，那边是毒枭的大本营
1	”曾宝仪回忆起拍摄仍旧难忘恶劣的环境和危险的社会局势，让她一度认为自己会遭遇不测，在出发前给家人留下了遗书，她笑称：“为了这件事还和男友大吵一架
1	”.在边境的探寻中，曾宝仪第一次体会到求生的渴望，以及不同人群之间泾渭分明的对立
1	她和边境民兵一起巡逻，也曾对着难民母女流下眼泪，还跟着农场主一同体验“非法入境”，这是次体力与心理双重挑战的经历
1	.而“AI伴侣”的探寻则较为轻松而新奇
1	曾宝仪回忆起参观机器娃娃的制作工厂经历，她曾经一度认为Sexdoll是物化女性的代表，然而当亲眼看到男性Sexdoll的时候，自己根本就没有物化感，只觉得“做得真好看”
1	曾宝仪分享道：“以前会觉得视娃娃为伴侣的人有点怪异，但这次接触让我感受到他们对娃娃真实的伴侣感知，也会想，到底什么样的人是奇怪的，谁又能定义呢？”这段经历让曾宝仪对于什么是人、自己需要怎样的陪伴、什么才是爱等问题，有了全新的思考
1	.当讨论到主创在《明天之前》是否找到了这些命题的答案时，嘉宾主持人张立宪和主创均表示，节目中体现的冲突与困境当下虽无答案，却都是我们必须要面对的事情
1	这档节目的初衷，就是为用户真实呈现世界上正在发生的、可能改变我们生活的变化，让大家提前思考如何应对未知的未来
1	.前沿话题引发讨论，现场观众集体脑暴.假如AI比人更懂爱，或许人类就没有存在的必要了
1	”.“看完这两集，思考上起码比今天没到的朋友领先个5年吧
1	”.“隔阂不止在边境，我们身边其实已经不少了，网上不就一言不合贴标签，分站队么？”.前沿的话题不止激起了主创团队对生活的思考，也引发了现场观众和嘉宾对于未来的讨论，嘉宾韩福东认为AI伴侣不会取代婚姻，但是可能会成为人类伴侣关系当中多样化的发展点，一定会引起有关性、婚姻的伦理再思考，而且一定会冲撞，甚至会解构人类几百年间对性、婚姻、家庭的基本认知
1	张立宪则表示，虽然不接受与AI结为伴侣，但是并不排斥AI的陪伴
1	.一位新晋奶爸在看完《近邻？近敌？》后，出于对孩子未来的担忧，发出了“我们的未来是会更好还是更坏？”的提问
1	在他看来，所谓的“边境”并不仅仅存在于国与国之间，不同人群间的高墙早已树立
1	针对这一问题，曾宝仪给出的答案是：“我不能预知世界会变成怎样，重要的是自己在世界的变化中，是否起到良性的作用
1	以及在孩子的教育上，要交给他们思考生活、生命和什么是人、什么是爱的能力
1	在这个瞬息万变的世界里，对世界的思考能力比挣钱的本事更重要
1	”.朱凌卿在大家热烈的讨论中“剧透”：“很高兴看到节目能引起大家对于自身的一些讨论和思考，《明天之前》还有两集是关于我们未来生活、生命长度思考的，相信到时候会引发大家更多的感慨
1	”.腾讯新闻出品此前曾推出过《十三邀》、《和陌生人说话》、《@所有人》、《我的时代和我》等节目，因真实展现文化、社会、经济、民生等领域的时代变迁引起观众思考与讨论
1	此次推出《明天之前》，为大众提供更国际化、更宏观的观察视野，客观呈现世界变化趋势，希望能通过节目增强用户与世界的联系，拓宽人生眼界
1	展映过后，这部专题纪录片也即将于6月13日在腾讯新闻上与观众见面，届时感兴趣的用户，可以与《明天之前》一起探索终将到来的明天，理解世界，也更好的理解自己
1	改编自著名作家沧月同名超级新武侠IP，由欢瑞世纪（东阳）影视传媒有限公司、宁波梅山保税港区卓见集嘉文化传媒有限公司出品，霍尔果斯五光十色影业有限公司联合出品，制片人邓细斌、钟凯特鼎力加持，总导演尹涛、导演尹涛、刘国彤实力执导，秦俊杰、袁冰妍、韩承羽、林源、袁澧林、赵东泽等主演的新武侠浪漫传奇钜制《听雪楼》自播出以来，话题热度持续发酵，网络剧播放量排行榜居高不下，多次蝉联第一，成为不少人饭后茶余的谈资
1	今晚，《听雪楼》即将迎来收官，萧忆情（秦俊杰饰）、舒靖容（袁冰妍饰）力挽狂澜，于生死之际合力关闭圣湖阀门，却因此同中剧毒，网友最期待的人中龙凤的结局即将揭晓，二人能否收获圆满结局成为今晚最大悬念
1	.萧忆情忍痛“告别”南楚 众人结局即将揭晓..在昨日播出的剧情中，明河（袁澧林饰）纵容伫游术的扩散，导致南江生灵涂炭危机一线，此时萧忆情决定第二次攻打拜月教，在激战中，南楚（张天阳饰）为护主遭受伫游术弟子的攻击而发作癫狂，祈求萧忆情杀了自己，不愿拖累，反手提刀向自己脖子抹去，萧忆情虽救下南楚，却也理解了南楚心中的绝望，最终，忍痛用夕影刀“告别”了大师兄
1	南楚下线引得一众网友惋惜感叹“以后再也没有大师兄给楼主裹小棉袄了！”、“爆哭！心疼南楚！”、“全世界最好的大师兄搭进去了，好惨！”、“难为情组合散了”，多角度评论推动“听雪楼 南楚死了”登榜热搜
1	而南楚、雪纹下线也暗自铺陈后戏虐心的氛围基调，加之今日曝光的海报中，漫天飘落的雪花氤氲，听雪江湖于古朴荒芜中展露的人物群像，更彰显了武林、江湖的孤寂与残酷，迦若（韩承羽饰）、池小苔（林源饰）、明河（袁澧林）、高梦非（赵东泽饰）等人命运起伏，结局更是令人唏嘘，赚足观众眼泪，而今晚人中龙凤萧忆情、舒靖容一路坎坷的江湖之路又将如何收场？成为今晚最令人揪心的谜底
1	. 人中龙凤生死两茫   口碑热度一路高涨.自《听雪楼》播出以来，各项数据伴随好评攀升不断，网络播放量突破18亿，清新武侠风的服装配色和场景设计，打戏设计等无不刷新观众对新派武侠的审美定位
1	剧中，“天蝎男”萧忆情和“白羊女”舒靖容的“死亡搭配”热议不断，他们时而默契，时而虐心，这对最甜虐情侣成为大家的追剧动力，过山车一般的情感变动被网友调侃道：“无法预知剧情走向”，而在话题热度、好评的背后，离不开演员们对角色的深度把握和细腻诠释，秦俊杰、袁冰妍透彻诠释龙凤二人“沟通障碍型”相处模式，一段段经典的哭戏场景历历在目，将观众情绪自然代入，而池小苔和明河对待爱情的极致方式也让人也颇有感触，纷纷表示：“又爱又恨！”沉沙谷师兄弟迦若和高梦非再见面时的物是人非也令人叹惋，自从剧开播以来收货了一大批“真情实感”追剧的粉丝，随着角色的成长与反转，展开热烈讨论
1	. 据悉，《听雪楼》讲述了被武林誉为“人中龙凤”的听雪楼楼主萧忆情、“血魔之女”舒靖容与江湖热血少年们共同缔造一段江湖传奇的故事
1	腾讯视频每周一至周四20点更新两集，VIP始终提前看8集，今晚8点腾讯视频即将迎来会员收官，江湖悲欢合散哪般收尾？今晚揭晓！..
1	由美国哥伦比亚影片公司和腾讯影业联合出品的好莱坞科幻动作巨制《黑衣人：全球追缉》即将于6月14日登陆全国院线
1	影片近日曝光“星际对决”版终极预告，黑衣人火力全开勇挫银河系最强入侵
1	再度合作的“锤哥”克里斯·海姆斯沃斯与“女武神”泰莎·汤普森炫酷登场，携手迎战神秘外星人
1	而“王牌探员”与“机敏新秀”首次搭档任务就遭遇“蜂兽”入侵和黑衣人组织前所未有的巨大危机，银河系危在旦夕，黑衣人大战旋即爆发
1	探员H和M将如何化解危机？他们能不能绝境逢生？让我们拭目以待
1	.黑衣人大战高燃曝光  锤哥女武神搭档出击大显身手.此次终极预告曝光诸多全新高燃镜头，接连不断的动作场面和外星人亮相带来了极致非凡的酷炫动作科幻感受
1	预告中泰莎·汤普森饰演的新晋探员M意外闯入神秘黑衣人世界，与黑衣人王牌探员H组成全新搭档
1	个性迥异的两人首次出击就遭遇“蜂兽”入侵与组织内奸双重危机，内忧外患的致命危局中大战即将打响，两人火力全开辗转全球上演搏命追缉
1	伴随着激燃动感的音乐，探员H和M并肩作战大显身手，上演近身肉搏，机枪狂射、飞车狂飙等燃到爆的动作戏码，而外星悬浮车一键变形，专属地铁极速穿梭的场面也令人大开眼界，更有各种黑科技装备和武器颠覆想象，让人惊叹于影片呈现的超前未来科幻感
1	.在终极预告中，危险的“蜂兽”外星人潜伏在地球上妄图入侵，强大的战斗力以及变形能力让黑衣探员也感到相当棘手，随着探员H和M在全球不断调查追击，“蜂兽”与黑衣人之间的大战也临近爆发边缘
1	但影片除了有邪恶的外星人，同样也存在友好的星际移民，他们不仅能如人类一般生活在地球，甚至还能在星际移民局中担当要职
1	预告中造型奇特的外星人逐一亮相，能打能飞还会蹦迪，样貌百变令人过目不忘
1	而片中最逗趣的外星人当属“激萌戏精”兵兵，阴差阳错成了探员M的忠诚手下，在铲除黑衣人内奸的行动中赚足眼球
1	.经典科幻全面升级  史上最嗨黑衣人今夏炫酷来袭.值得一提的是，《黑衣人：全球追缉》此次在动作场面以及科幻脑洞上都有了全面升级
1	记忆消除棒的经典再现情怀满满，影片科幻设定脑洞巨大，再加上好莱坞顶级特效技术，整体画面呈现非同一般的视觉效果
1	影片由《速度与激情8》的导演F·加里·格雷执导，超强动作场面全程嗨爆；而好莱坞传奇导演史蒂文·斯皮尔伯格则担任监制，几十年来制造无数爆款科幻电影的他也让人对影片更加期待
1	除此之外，“雷神”与“女武神”在《复仇者联盟4》之后的再度合作也格外引人注目，加上“复仇男神”连姆·尼森、“谍女郎”丽贝卡·弗格森等实力演员加盟，这个黄金阵容绝对值得满分期待
1	影片将于6月14日登陆全国院线，好莱坞经典科幻动作巨制焕新升级，史上最嗨黑衣人即将来袭，敬请期待！.电影《黑衣人：全球追缉》由史蒂文·斯皮尔伯格（《头号玩家》、《侏罗纪公园》）监制，F·加里·格雷（《速度与激情8》、《偷天换日》）执导，克里斯·海姆斯沃斯（《雷神》、《复仇者联盟》）、泰莎·汤普森（《雷神3：诸神黄昏》、《西部世界》）、连姆·尼森（《飓风营救》系列、《真爱至上》）、艾玛·汤普森（《黑衣人2》、《真爱至上》）、丽贝卡·弗格森（《碟中谍6：全面瓦解》、《异星觉醒》）等联袂主演
1	影片将于6月14日登陆内地院线，敬请期待！..
1	腾讯新闻出品新节目《明天之前》于6月13日正式登陆腾讯新闻平台，该纪录片以国际视野，探讨人类未来在新变化中如何生活，如何与他人、与自我相处
1	影片中的故事和人物揭示了人类作为个体和群体可能将会去到的未来，以及人类文明未来5-10年内就将面对的变革和重塑，将视野扩大至国际范围，是“眼界即人生”的又一代表作
1	.首期节目《机器人伴侣》上线后，上线首日全网播放量2481万，微博相关话题阅读量达1亿
1	腾讯新闻出品制片人朱凌卿表示：“腾讯新闻出品希望为用户真实呈现世界上正在发生的、可能改变我们生活的变化，让大家以此为参考提前思考如何应对未知的未来
1	每一种选择，都可能成为未来的起点
1	”.联手奥斯卡获奖团队，多种形式探索世界前沿话题.《明天之前》专题节目由腾讯新闻出品联合曾获奥斯卡、艾美奖、美国广播电视文化成就奖等100多个国际电影、广告奖项的英国团队Grain Media共同制作
1	该节目着眼国际，耗时一年，特邀曾宝仪担任策划人，跨越三大洲，拍摄足迹遍布世界近二十个地域，寻访最前沿人群
1	.选题策划前期，腾讯新闻出品与Grain Media团队针对目前世界最新、最有可能影响人类未来生活的话题进行精细筛选，最终选定“人工智能是否能成为人类伴侣”、“人类应该追求永生吗”、“边境与难民问题”等话题进行讨论
1	值得一提的是，Grain Media此前参与制作的纪录片《维龙加》、电影《超级鲍勃》等均收获一片好评，成熟的拍摄技巧和独特的呈现视角，加上曾宝仪的真实探索，为用观众来全新的视觉体验
1	.除制作团队实力强劲外，主创团队策划了不同的展现形式让用户更好地体验《明天之前》中的话题讨论
1	节目上线首集放出《机器人伴侣》主题，采用同步直播嘉宾讨论形式，为用户提供国人视角的观点，深度探讨人与AI、人与自我、人与他人的相处问题，以及人究竟需要怎样的陪伴，如何定义爱等问题
1	此外，未在正片中放出的拍摄素材，也将以图文、短视频等多种形式，在节目播放期间陆续放出，作为补充信息呈现给用户
1	.客观呈现多维可能，拓宽视野提前思考.谈及《明天之前》的创作初衷，腾讯新闻出品好雨知时工作室总监金辉表示，目前关于前沿科技的话题很多，但均离大众比较遥远
1	此次选定的讨论议题，均与“人”相关，更重视讨论“人”与科技、与他人、与自身、与社会的关系，用最贴近大众未来的讨论方式，拓宽观众的世界视野
1	.据主创团队介绍，《明天之前》的话题讨论并非为了给出未来的答案
1	节目涉及的“不同群体相处”、“人与科技相处”、“生老病死”等议题，均是目前仍旧存在争议和变化，没有确切解决方案的问题，也是人类由古至今均在不断思考的议题
1	.《明天之前》以呈现议题中“人”的变化和选择为主，通过努力寻找各种层面上的人的故事，反映各种各样的声音，各种各样的价值观
1	以第一集《机器人伴侣》为例，片中记录了选择机器人作为伴侣的人群对陪伴和自身感受的真实想法，也体现了反对者对于人类越来越疏离和加重物化女性现象的担忧，在不同的观点碰撞中，激发用户的对于未来生活方式的选择思考
1	.金辉介绍：“《明天之前》的选题不是已经存在的事实，而是对于人类发展趋势的某种预判，至于明天到底会变得怎么样？其中还有很多可能性
1	”因而在《明天之前》前期调研时，我们不断寻找与几个议题相关的不同人物、观点的代表，尽可能多的呈现关于未来不同的选择，为用户提供更多的思考参照标本
1	.眼界即人生，关注人类发展共同命运.《明天之前》客观反映多维现实情况，是腾讯新闻出品秉持媒体初心推出的又一代表作
1	此前腾讯新闻出品的《十三邀》、《和陌生人说话》等栏目就曾从不同角度拓展用户认识世界的宽度，给用户留下较深印象,在豆瓣分别获得8.6和9.5的高评分
1	.同时在2019年初，腾讯新闻出品推出全新slogan“眼界即人生”，旨在从人的维度出发重新定义内容，在探索大众共通需求的基础上，通过推出角度各异的原创内容，提供真实而丰富的人生参照系，让用户由人及己，引发对于自身的思考
1	.此次《明天之前》以国际视野，通过呈现当下全球人类社会、科技、文化发展的趋势与变化，打破地域限制，将思考维度拓宽至人类命运共同体范围，为用户提供更广阔的参考方向，与世界建立更为紧密的联系
1	节目策划人曾宝仪在拍摄中最深的体会是，面对未知的未来，对世界的思考能力远比生存技能重要
1	.目前《明天之前》已在腾讯新闻平台上线，感兴趣的观众可以前往观看讨论
1	日前，由爱奇艺倾力打造的S+超级自制网综有钱花《中国新说唱》2019一经开播便迅速攻占各大社交媒体榜单，可说是实名认证了一把“真的火”
1	6月15日，节目开启首播发布会——“就很炸表彰大会”，活动现场 “最会玩”、“敬业OG”、“good job”以及“独挑大梁”等有趣的奖项被四组制作人分别收入囊中
1	除此之外，开播前就一直被“剧透”的首期节目也终于在昨晚一曝“真容”，全面回归体育馆加之一众实力爆表rapper上演的beef集锦，让网友大呼过瘾：“原汁原味的说唱，太赞了！”.吴亦凡成“最会玩”制作人  张震岳热狗被赞“敬业OG”实至名归.发布会变“表彰大会”走花路 潘玮柏定义新标准邓紫棋心塞：没有镜头了.6月14日，玩过了一大波剧透“神操作”的爱奇艺S+超级自制网综《中国新说唱》2019首集全面上线，开播不到12小时便迅速斩获8个微博热搜霸榜，百度，知乎，虎扑等10多个主流平台热门搜索冲进前三，并持续在榜
1	全网霸屏的《中国新说唱》被网友调侃：“是真的火”！15日，节目组再次“玩出新高度”，首播第二天便开启名为“就很炸表彰大会”的线下发布会，并在活动现场就四组制作人节目首集表现颁奖，脑洞大开的活动和奖项命名也引来一众网友打call：要说还是新说唱会玩！.身为“热词制造机”吴亦凡率先捧得“最会玩奖”，从freestyle到skr，此次怀着“大碗宽面心态”全面回归节目的吴制作人，更是将“会玩”演绎到了极致，而对音乐、选手“新”的追求，也让他当之无愧成为四组制作人中，最“会玩”的一个，对此他表示：“虽然变温柔了但是自己的选人标准没有降低，内心还是严格的，今年唯一改变的是我会更加注重多样性
1	”节目中，吴亦凡对punchline似乎有着“蜜汁”执着，对此他表示：“Punchline其实一直充斥着，我追求音乐的多样性，有能吸引我的‘点’玩嗨了才是最好的
1	”.在歌词中唱出“不在乎、不服输”的张震岳&热狗MC Hotdog作为节目中最具代表性的OG，今年可谓是标准大变，在对选手提高要求的同时，也明确表示出对于“新意”的需求，这份严谨和认真也让他们成功拿下“敬业OG奖”
1	对于这份奖项，热狗坦言：“我觉得不用刻意强调OG，我还是一直在做自己喜欢的事，说唱音乐里面就是用实力说话，就是强
1	你们知道我是OG，但昨天播出的那期能看出，我没有给OG面子，反而鼓励把链子给新秀、年轻人
1	”张震岳则现场表明自己对华语说唱的看法：“我的音乐观念是包容、宽广的，不管什么样的说唱，对我来说都是ok的，好听就好了
1	我相信说唱可以往更高的位置走，我很看好说唱在中国的市场
1	”.相较于往年节目中的贴心和温暖，此次换成冷酷“剧本”的潘玮柏，节目中全场上演good job“17连杀”，用执着与严格，定义本季的新标准，拿走“good job奖”实至名归
1	现场，他惊叹：“昨天节目播出后才知道我说了那么多good job”
1	对于此次变得严格，他表示：“其实节目组给我们的项链真的少到不行，不得不用很理性的方式去面对每一位选手，把你认为最对的项链给到你认为可以晋级的选手
1	”.此次“一人一队”回归的G.E.M.邓紫棋则顺理成章拿下“独挑大梁奖”，首次面对千名rapper进行体育馆海选，也让她压力不小
1	但极具爆发力的开场秀让她成功控场，顺手斩获不少网友好评，实力演绎了一把最强女制作人：“对这个奖还是挺意外的，面对这个挑战还必须要接受的状态，还觉得挺刺激的
1	”去年已经收揽一次冠军制作人的她，今年依旧不肯舍弃冠军宝座，自信表示：“我对我的队员非常有信心，我相信我的队员里会有冠军候选人
1	”.首期千人海选炸裂回归 实力rapper呛声自称准冠军.《中国新说唱》回归成全新刷屏话题　剧情十足网友集体心疼rapper.“就很炸表彰大会”开启前，首期节目率先与观众见了面
1	千人海选回归体育馆让观众直呼“看得爽”：“就应该从海选开始看！不然根本体会不到竞争到底有多激烈
1	”.本季千人海选收揽了众多人气rapper，西奥Sio、杨和苏、黄旭、孙旭、孙骁等一众实力rapper的竞逐点燃了现场气氛
1	其中，杨和苏作为节目正片中首个拿到潘玮柏晋级项链的rapper，不仅放话预定今年冠军宝座，还现场为潘玮柏提了个“建议”：“希望你今年有更好的眼力，能够看到我的潜力，我是今年的准冠军
1	”.同样信心爆棚的，还有“劈个叉”的小鸭哥，开场便呛声：“我是真正的实力派，全场90%的Battle MC都是我的手下败将
1	”爆音BOOM的freestyle也十足惊艳了一票观众；黄旭一句“孙旭你应该把你的链子让出来”成为双旭beef的导火索；众多rapper心中的大神西奥Sio却突然忘词……猛料众多的首期节目，让观众对“故事后续发展”充满了好奇心
1	海选beef不断，让网友的心也跟着犹如“坐过山车”，面对rapper间激烈的竞争，除了兴奋“吃瓜”之余，对未能晋级的rapper还忍不住开启心疼模式：“这季竞争也太激烈了吧，还限制发链，心疼准备这么久的rapper们！”. 还有哪些未解锁的rapper将带来惊喜？邓紫棋首次参加千人海选会如何选人？爱奇艺倾力打造的S+超级自制网综有钱花《中国新说唱》2019已锁定周五档晚8点全面上线，说唱炙夏全面回归
1	就很炸，没在怕！TIME！..
1	▼北京边检发布曾轶可事件的情况通报，称6月17日下午，曾轶可在边检入境现场办理入境手续时，在进入自助查验通道后，民警提示其脱帽进行面相对比但她并不配合，民警依法对其进行人工复核却遭其爆粗口，遂将其带离通道并指出错误
1	但她仍不服从检查并两次近距离对民警拍照，干扰执法，值班领导对其批评教育后予以放行
1	北京边检表示，对于曾轶可在网上披露民警个人信息及照片，对民警身心造成严重影响的侵权行为，保留法律追究的权力
1	.▼近日，霉霉（Taylor Swift）在某节目中谈到为什么自己在社交网站中没有关注任何一个人：“因为我开始意识到，如果我没有在社交网站上祝我的朋友生日快乐，那媒体们肯定会撰写一篇关于我们的友谊已经破裂的文章
1	”.▼18日，全国拍摄制作电视剧公布5月备案公示，《三体》赫然在列
1	报备的机构是上海游族文化传媒，预备今年9月开拍，拍摄24集
1	.▼ 18日，北电举办庆祝建国70周年文艺演出
1	演出中，关晓彤与吴磊同台合唱《我和我的祖国》
1	关晓彤身穿百褶裙高扎马尾，打扮十分学生气，吴磊一身黑色西服，身材英挺
1	.▼舒淇18日晚出席品牌活动，由于下着雨地面湿滑，她上台时不慎摔倒，随后在工作人员的搀扶下站起来，小碎步移至舞台中央，不得不说女神相当坚强敬业了
1	.▼ 18日，有网友爆料称陈冠希在机场与一位路人起了冲突，还多次骂脏话
1	动图中，陈冠希对着路人不断做鬼脸，旁边的女孩赶紧调停让他离开
1	同时有人指出该路人其实是一个播主，爆料称该播主每次看到陈冠希都故意激怒他，然后好拍摄进行剪辑
1	.▼据港媒，近日被曝已求婚张馨月的林峯早前被拍到陪女友出席内地亲戚的婚礼
1	据现场人士透露，当天林峯西装笔挺，张馨月穿着露肩晚礼服，二人不但打扮得宛如一对“新人”，而且兴奋地满场“飞”，不停应酬在场的亲朋好友，似为自己的婚礼“预演”一般
1	.▼据台媒，修杰楷被问贾静雯 与前夫在梧桐妹毕业典礼同框一事，大方表示“是第一次碰到，那是小孩很重要的一刻，以她为主”，自己去是想帮Angel庆祝人生的重要时刻，和孙志浩见面也不显尴尬，“我们结束后还有大合照，但没一起吃饭，刚好后面还有行程”.【每日一猜】.
1	由腾讯视频出品，企鹅影视、唯众传媒联合制作的恋爱社交推理真人秀《心动的信号》第二季于6月18日在北京举行媒体看片会，由宋茜、郑恺、杨丞琳、杨超越、刘轩组成的心动侦探团，及节目主创团队亲临现场，与媒体进行互动交流
1	宋茜、杨丞琳、杨超越游戏失败接受真心话大冒险惩罚，现场自曝理想型男友三大标准
1	6月19日起，每周三晚八点，《心动的信号》第二季将在腾讯视频全网独播
1	. 游戏失败现场接受惩罚 宋茜杨丞琳杨超越曝理想型. 尽管已经对信号小屋里发生的故事有所侦查，但第一次看到成片的心动侦探们依然和媒体们一同做起了快乐的“吃瓜群众”，在看片会现场抢先观看首期节目
1	片中6位单身素人男女浪漫却也带着忐忑的初次相遇，让现场媒体们雀跃不已，但对于未完待续的心动连线结果，却依然无法从谨慎的心动侦探们口中获得任何蛛丝马迹的剧透
1	.作为《心动的信号》两季元老，杨超越分享了第二季录制过程中的心情，对于她来说重回《心动的信号》一切都很熟悉，现场杨超越为几位“新人”侦探送上录制心得，“有时候节目里好像看似分析的很有道理，其实结果往往会出乎意料哦
1	”现场杨丞琳坦言，《心动的信号》第二季是自己出道以来录制的最舒服的节目，之前的综艺录制都要耗尽脑力和体力，这次就像是在家里追剧，非常舒服
1	.大胆分享爆料之余，心动侦探们也勇敢接受了一场趣味横生的真心话大冒险挑战，心动侦探们被分成两组，用pk掷飞镖的方式决出胜负
1	最终郑恺和刘轩组合以6次35环的成绩险胜宋茜、杨丞琳和杨超越组合，三位女嘉宾现场接受真心话惩罚，现场用关键词自曝理想型男生标准
1	除了对身高有要求外，宋茜十分看重男生的亲和力和幽默感
1	杨丞琳倾向喜欢有才气、骨骼好、幽默的男生，而杨超越则用三个关键词展示小女生的天真恋爱观：有仙气（古装一定要好看）、比自己高、白
1	. .“勇敢”贯穿本季核心表达   传递共鸣感让心动更精彩. 自《心动的信号》第一季高热度高口碑收官以来，期待第二季的声音便不绝于耳
1	此次看片会上，第二季向大家宣告心动归来
1	在企鹅影视天马工作室总监、《心动的信号》第二季监制李笑看来，比起大家期待的偶像剧，第二季更是一部能够真实呈现当下年轻人社交生活原貌的、辐射恋爱、生活、情感、职场多圈层话题、让更多人感受到自我投射的青春都市剧，我们希望传递的是一种幸福和美好的情绪
1	..而在展现情感关系之外，《心动的信号》第二季还会将“勇敢”一词贯穿节目始终，年轻人的自我表达、态度传递、价值追求等不同方面都将会与“勇敢”紧密相连
1	节目组希望借助节目鼓励年轻人，无论在恋爱社交还是生活中，都要勇敢追随内心的声音
1	此外，李笑直言本季也将更多聚焦于用户对节目的感知和共鸣，比如奋斗感，年轻人离开家离开父母步入社会之后，所要面临的各种需要独立思考的问题等
1	对于第二季嘉宾的选择，“传达有年轻人共鸣的奋斗感”成为节目组尤为看重的关键所在
1	也因如此这一季棚内的嘉宾不再仅仅是情感观察者，他们同时肩负着另一个重要使命，借由在节目中人生经历的分享，让节目在更大的圈层中产生更积极的社会影响力
1	. 6月19日起每周三晚八点，一起跟随心动侦探团去信号小屋捕捉素人嘉宾们精彩莫测的心动信号吧！精彩即将开启，敬请期待！..
1	由腾讯视频出品的全国首档原生二胎观察真人秀《我们长大了》已经在昨晚正式开播了
1	开播当日，一场 “多一分陪伴，多一份温暖”腾讯视频积分公益捐活动同时在北京举行
1	《我们长大了》制片人多晓萌携节目抢先版出席活动，同与会嘉宾、媒体共同观看节目，并就关爱儿童成长的主题展开讨论
1	.《我们长大了》节目邀请华少、马天宇姐弟、魏大勋、傅菁姐妹进入成长观察室，对四组性格迥异的兄弟姐妹进行无干预观察，通过还原家庭关系中萌娃间最本真的一面，唤起大家对于兄弟姐妹天然关系的向往
1	而于今日正式启动的“困境儿童关怀”公益项目，则致力于帮助边远地区困境儿童，以社会公益之力帮扶困境儿童
1	关爱儿童成长和健康，是大家共同的主题
1	. 《我们长大了》传递社会正能量 暖心助力困境儿童. 区别于以往萌娃综艺聚焦成人与萌娃间的关系互动，《我们长大了》在观察视角上做出了全新改变
1	节目将视角对焦真实素人家庭的普通孩子，在远离浮躁舆论关注的背后，更加注重对家庭关系框架下“情感陪伴”的诠释
1	节目从兄弟姐妹天然关系切入，通过真实展现兄弟姐妹间情感的美好与珍贵，唤起人们对兄弟姐妹天然关系的向往
1	在此基础上，触发观众更多关于天然关系维度的延伸思考
1	. 回归本质，《我们长大了》同“困境儿童关怀”公益项目的目标宗旨一致——持续关注儿童教育成长，呵护其心灵，陪伴其长大
1	依托腾讯视频的强大社会影响力，《我们长大了》将综艺属性进行公益化拓展，以公益力量积极传递社会正能量，秉持着“多一分陪伴，多一份温暖”的理念，让大众对孩子的关注边界拓宽，力求让更多的人关注并参与到帮助边远地区困境儿童的公益活动中来
1	. 腾讯视频打造人文情怀品牌内涵  “科技向善”践行公益精神. “困境儿童关怀”公益项目以爱凝聚腾讯视频VIP用户，秉持“1分也是爱”的主张，以积分公益捐助的形式参与，最终转化为公益善款，为困境儿童提供帮助
1	腾讯视频“公益联动平台”的前进之路，在关爱儿童成长，展现社会责任感的同时，更传递出极具人文情怀和情感温度的品牌内涵
1	. 腾讯视频总编辑王娟认为：“‘科技向善、技术为人’是腾讯视频始终践行的品牌理念
1	我们的平台正在将人文情感，通过内容、平台和产品倾注于每一个细分用户群体，从细节之处不断提升使用功能和感受，让用户获得更好的体验
1	而陪伴下一代的健康成长，是腾讯视频的重要责任和努力的方向，也是本次腾讯视频积分公益捐活动的初衷
1	同时，腾讯视频对于下一代的关心，还将延展到社会层面当中，本次‘困境儿童关怀’公益项目，便是一次积极的尝试
1	”. 聚沙成塔，汇涓成流，是平台与内容共同的期待
1	《我们长大了》将借由节目自身的传播力，在关爱萌娃兄弟姐妹天然关系健康成长，探寻情感依存的观察之外，充分调动节目观众对困境儿童的关注，用节目的影响力为帮助边远地区的困境儿童贡献自己的力量
1	. 观看《我们长大了》感受暖萌力量，捐助腾讯视频VIP爱心积分贡献公益关怀，6月18日晚八点《我们长大了》腾讯视频独家上线，真实记录兄弟姐妹间的美好情感，带给你更多陪伴，更多温暖
1	《蜘蛛侠：英雄远征》将于6月28日全国磅礴上映！目前也在火爆预售中！“史诗决战”版终极预告也燃到爆炸！影片故事线将全面延续“复联4” ，经过重重磨砺的蜘蛛侠不负钢铁侠重托，领军复仇者联盟，力挽狂澜拯救世界！在预告中蜘蛛侠身着五大战服飞天遁地尽显超强技能，激燃动作场面与震撼视效目不暇接，让人大呼过瘾，期待值飙升！. 在“史诗决战”版终极预告中，曝光了诸多全新的电影内容！蜘蛛侠飞天遁地穿梭于各种惊险震撼的硝烟战场中，酣畅淋漓应接不暇的激燃动作场面，以及颠覆想象的视效呈现，无不叫人心跳加速，肾上腺素飙升
1	新角色“神秘客”和反派“元素众”，也都竭尽所能施展出各自绝学招式，危险不断升级
1	风景如画的欧洲遭受巨大灾难，危机四伏，史诗决战一触即发
1	“复联4”终局之战后，复联众豪杰或四散在宇宙各地，或有其他任务，地球处于缺少保护的“真空状态”
1	在如此关键时刻，神盾局局长亲自招募蜘蛛侠领军复仇者联盟，挺身而出力抗强敌！网友留言表期待：“预告片各种炫目激战好刺激！五套超酷战服亮瞎眼！”“漫威一哥征战欧洲！什么也不说了！马上买票！”“我要成为全球第一批看到小蜘蛛的观众！零点场约起！”.与此同时，《蜘蛛侠：英雄远征》的预售也十分火爆！全国观众正在火热预定观影最佳位置，相约暑期狂刷蜘蛛侠
1	此次蜘蛛侠远征欧洲，除了五套战衣酷燃登场，科技装备全面升级，也开疆拓域来到了全新战场，在视野更为宏大的欧洲战场中，为了完成钢铁侠的托付，领军复仇者联盟，蜘蛛侠频频与超强众反派展开殊死搏斗和惊险激战
1	 该片将作为2019年暑期档救市大片，无论从制作团队、卡司阵容、IP知名度、影片质量等各个方面来看，皆独占鳌头，该片势必成为2019暑期档救市大片！值得粉丝影迷一刷再刷！. 《蜘蛛侠：英雄远征》由导演乔·沃茨再次执导，“小蜘蛛”汤姆·赫兰德、“局长”塞缪尔·杰克逊重磅加盟！更有好莱坞实力派巨星杰克·吉伦哈尔饰演新角色“神秘客”
1	玛丽莎·托梅、乔恩·费儒、赞达亚、雅各布·巴特朗等原班人马也将悉数回归
1	“复联4”未完待续，蜘蛛侠不负钢铁侠重托，领军复仇者联盟！2019年度必看漫威宇宙大片！影片将于6月28日登陆全国院线，现全国火爆预售中！..
1	爱奇艺全新自制的S+超级网综农夫山泉茶π《我是唱作人》在三个月的时间里，经历了上、下半季的残酷比拼，为华语乐坛贡献了92首原创新歌后，将在今晚迎来总决赛巅峰之战
1	.而决战在即，全新的团战赛制也正式揭晓，唱作人们将以上、下半季为单位展开对决
1	为了最后的胜利，两支队伍团队意识爆发，为抢占先机排兵布阵，唱响团结就是力量
1	在团队战的压力下，唱作人们一改往日淡定，直言“太紧张了！”不过，也有唱作人面对同场竞技的对手却陷入了见偶像的激动情感中不能自拔
1	.作为首个将现实生活中的demo互听搬到综艺中，并使节目成为原创音乐首发平台的综艺节目，《我是唱作人》和18位唱作人堪称第一批“吃螃蟹的人”
1	收官之战，两支最强军团将以怎样的表现为本季节目画上一个完美的句号，今晚即将揭晓
1	. 上、下半季开启团战模式  第一个“吃螃蟹”的创新勇气获赞.最后一期节目，进入总决赛的上半季唱作人热狗MC Hotdog、梁博高进，与下半季唱作人常石磊、白举纲、钱正昊、郝云集结完毕，他们将以团战形式展开终极较量
1	上、下半季唱作人进行4轮1V1对决，在百人评审榨汁之下，获胜轮次较多的一方将取得总决赛胜利
1	事实上，在《开饭啦！唱作人》当中，总导演车澈就曾透露总决赛团战设置的初衷：“比赛是一种形态，但其实最后这个节目不是比赛
1	”.总决赛赛制创新之外，不论是demo互听，还是全新原创作品首发，又或是101位大众评审实名榨汁，《我是唱作人》和18位唱作人都堪称第一批“吃螃蟹的人”，敢为人先的精神也让这档华语唱作人生态挑战节目口碑与流量双丰收
1	.而在今晚的节目中，上、下半季两大唱作人阵营在全新赛制下激发出满满的团魂，他们将根据总决赛前的demo互听，在决赛中排兵布阵，为各自军团争取获胜可能
1	在热狗MC Hotdog看来，上半季唱作人聚集了各个领域的最强者，个人风格特色更明显，打团战会非常具有优势，胜算很大
1	梁博则将上半季的大家视为家人和战友，“就我们在一起怎么都好，怎么都对
1	“.刚刚经历决赛洗礼的下半季唱作人同样气势如虹，白举纲甚至对上半季放出“还比什么呢，你们好好加油吧”的狠话，常石磊更霸气表示“我只想知道我们是怎么赢上半季唱作人的”，并挑衅对方：“郝云（好运）是我们的”，连一向话少的钱正昊都“嚣张”起来，喊话对手：“你过来啊”，火药味十足的对决瞬间让观众的期待值飚高
1	. 梁博团战倍感紧张怕无法与团队交代？总决赛胜负欲爆棚.自节目播出之后，新歌种草机的标签便伴随至今
1	作为原创音乐试炼场，《我是唱作人》将在今晚诞生最后8首原创作品，整季节目更是为华语乐坛贡献92首原创单曲，堪比12张原创大碟
1	其中，上半季唱作人热狗MC Hotdog、梁博、高进凭借《非赢不可？》、《表态》、《下雪哈尔滨》等直击人心的作品收割网友歌单，新歌微信分享量高达90万，音乐平台评论区更是好评如潮
1	.在今晚播出的节目中，梁博延续了之前五期的黑色着装，以一身黑色紧身衣久违亮相，带来一首《我不知道》，以温柔的视角去看待当下诸如网络暴力等不良社会现象，希望那些孤独和焦虑的灵魂，一觉醒来变成一个小孩，忘记曾经经历的悲伤和无奈
1	梁博的精彩表现不但使他获得对手盛赞，更收获“迷弟”白举纲的尬聊式表白，究竟梁博会如何回应？节目中即将揭晓
1	.此外，热狗MC Hotdog带来一首《国王的新歌》，霸气台风瞬间令全场观众热血沸腾
1	而复活赛归来的高进此番带来重金属风格的作品《不改》，却遭白举纲“吐槽”听不来
1	实际上，相比个人战，团战使得每位唱作人都倍感紧张，之前相互比赛的对手此番成为并肩作战的队友，也让唱作人多了一份集体荣誉感，就连一直以淡定、冷脸著称的梁博都因为团战紧张不已，甚至胜负欲爆棚，生怕没法和上半季的团队交代！究竟备受期待的上半季唱作人会带来怎样的表现，节目中即将揭晓！. 郝云总决赛使出哄妻“杀手锏” 化身钱正昊全网头号粉丝.和梁博一样紧张的还有下半季唱作人们，直言自己从小到大都没有集体荣誉感的郝云，在今晚的节目中为了下半季团队也是豁出去了
1	节目中，郝云竟使出了哄妻“杀手锏”，在线为妻子雪子写歌，一句“如果没有爱情，生命无意义”现场撩人无数
1	对《我是唱作人》舞台深感珍惜的常石磊，将自己在不同时期的作品串成了一个组曲，实力诠释什么是“老奸巨猾”
1	白举纲以拟人方式写一首歌给“歌”，用常石磊的话来说“音乐待我们不薄”，所以他想写一首歌来谢谢“歌”
1	.而钱正昊则带来一首具有“疯狂”因子的作品，讲述他在入睡前脑海中天马行空的想象和胡思乱想
1	作为先锋音乐代表，钱正昊在作品中加入了实验、电子等多种元素，不断求新的精神也给其他唱作人以激励
1	曾是“大厂收哥机”的他在节目中也圈粉无数，郝云更化身小钱头号粉丝，直言对弟弟“盲目崇拜”
1	.三个月以来，18位唱作人为大家带来了92首原创单曲，为华语流行音乐注入了全新的活力
1	收官之战，他们将带来怎样的精彩表现？上、下半季又会产生怎样的对决？年度桂冠最终花落谁家？答案都将在今晚8点爱奇艺上线的农夫山泉茶π《我是唱作人》中揭晓，敬请期待！..
1	由华策克顿旗下辛迪加影视，腾讯视频联合出品，由刘飞、刘辰光、施适编剧，马天宇、郑爽领衔主演，柴碧云、周澄奥、朱颜曼滋、张亦驰、张杨智子、吴雅君主演，冯波、丁春诚特别主演的现实主义青春剧《流淌的美好时光》将于今晚起登陆湖南卫视金鹰独播剧场，并在腾讯视频每晚24点跟播卫视、会员抢先看，爱奇艺、优酷、芒果tv同步更新
1	该剧讲述了上海弄堂里一起长大的齐铭（马天宇 饰）与易遥（郑爽 饰）跨越二十年时光，相互守护、共同成长的令人向往的暖心青春故事
1	. 素描式青春镌刻温柔岁月  平实情感蕴藏向往的时光.《流淌的美好时光》重在对美好青春做耐心的精雕细刻，即以细水长流般的生活细节，展现出以齐铭和易遥为代表的年轻人的日常家庭琐事与青春昂扬的校园光景
1	齐铭与易遥从儿时一起牵手嬉闹于弄堂，到长大后在大学和职场中相互鼓励、共同奋斗，青梅竹马二十年温柔岁月被融入到几段极具代表性的镜头中，尽显成长的动态与现实感
1	剧集像一幅素描画勾勒出现实中青春原本应有的美好模样，引人沉浸与向往
1	. 聚焦生活细节与成长变化外，《流淌的美好时光》还着力表达了一种平实的情感群像
1	既有“刀子嘴豆腐心“的矛盾亲情，也有激扬青春结成的坚固友情，更有根植于两小无猜、水到渠成的甜蜜爱情
1	齐铭与母亲和谐的关系，易遥与母亲“拌嘴”的日常，分别代表现实中两种家庭亲情关系，没有对错，只是一种习惯；“铭遥”组合从“同窗过”到“恋爱着”，既是接地气的发小友情，也是日久生情后的怦然心动
1	这些情感没有美好得过分失真，也没有刻意卖惨博同情，恰到好处的平实必将撩动观众深埋心底的共鸣之弦
1	. 马天宇郑爽“重回”大学校园  开启青梅竹马“甜怼”生活.今晚，《流淌的美好时光》终于迎来首播
1	首集剧情中，还处在美好大学校园时期的齐铭、易遥、郝湉（柴碧云饰）、唐小米（朱颜曼滋 饰）、杜度（张亦驰 饰）等大学生将一一亮相，并带来争抢宿舍、上课点名、图书馆邂逅等堪称大学必备的“经典”片段
1	配上柔和不失清晰的镜头，与最大限度还原现实原景的色调，剧情也将带给镜头外的观众“进入”或“重回”大学时光的美妙体验
1	.此外，“铭遥”组合的青梅竹马情也是首播剧情将重点展现的内容
1	齐铭在默默回击欺负易遥的学生之后，若无其事为其庆生时，还不忘坚守发小“本分”，在“怼人”的节奏中表达出对易遥的真诚祝福
1	两人从不断吵吵闹闹，到时不时对彼此流露出自然而然的本能关怀，将两小无猜的“甜怼”状态诠释得生动鲜活
1	正所谓“有时候彼此需要，有时候互相讨厌”，“铭遥”在漫长时光中养成的牵系对方的“顽固习惯”令人动容，也让人忍不住想好奇他们的情感将迎来怎样的变化与挑战
1	.据悉，该剧将于今晚起登陆湖南卫视金鹰独播剧场，腾讯视频每晚24点跟播卫视、会员抢先看，爱奇艺、优酷、芒果tv同步更新，更多精彩敬请期待
1	2019年6月29日，上海 —— 宝洁公司旗下著名洗涤品牌汰渍联合大润发，倡导 “衣物常新 地球常青” 护衣绿色消费主张，并邀请新生代女演员陈小纭助力活动
1	在活动现场，陈小纭不仅与大家分享自己的生活近况以及护衣秘籍，还与汰渍品牌代表一起，共邀幸运消费者，进行了汰渍天然护衣三色洗衣球的洁净挑战实验
1	另外，在活动中陈小纭对汰渍品牌携手大润发推广的环保项目 “衣物常新 地球常青” 表示大力支持，旨在号召消费者们一起参与到环境保护之中，从身边小事做起，比如坚持垃圾分类和通过使用更加环保的洗涤产品，来保护和改善我们的居住环境
1	.网红三色洗衣球  实力呵护衣物常新态.在活动中，陈小纭坦言，作为艺人对衣物有着更高的要求，她希望在利用率以及衣服的养护方面可以更加注重环保，减少浪费
1	除了身体力行地号召环保，陈小纭还分享了她的夏日穿搭经，笑言夏天比较喜欢穿颜色鲜艳亮丽的衣服，对于鲜亮衣服的护理，也有她的私藏小妙招——使用汰渍天然护衣三色洗衣球，洗衣服就可以变得方便、省心
1	在活动结束后，陈小纭还贴心地亲自带领消费者探店大润发，参观汰渍产品陈列以及拍摄时尚大片
1	.汰渍天然护衣三色洗衣球，一颗小小的洗衣球，却具有8倍洁净力、护衣、护色的大能量
1	独有的三腔设计，将洗衣液、护衣柔顺剂与护色亮色剂集于一身，只需轻轻一抛，就可实现“洁净、护衣、护色”的完美洗衣效果，实力呵护衣物常新态
1	.环保课堂与趣味实验   见证汰渍三色洗衣球的神奇功效.除了分享自己的生活近况及护衣秘籍，陈小纭还与消费者进行环保课堂答题互动，分享环保知识，并与汰渍品牌代表一起，和现场消费者一同见证了汰渍天然护衣三色洗衣球洁净奇迹，将本场活动推向了高潮
1	.在实验中，陈小纭和汰渍品牌代表首先将碳素黑墨水滴进分别装有汰渍天然护衣三色洗衣球及国家标准配方洗衣液的转杯中，充分溶解后，再将两个条纹衣物布片（粉白条纹）和两个纯色衣物布片（黄色）分别投至转杯中，之后再放入清水中漂洗干净
1	.实验结果令在场众人赞叹不已：即使溶液中有墨汁，但因为放有汰渍天然护衣三色洗衣球，彩色布片也没有被污渍沾染，这是因为汰渍天然护衣三色洗衣球所特有的抗污渍沉积能力，能使防止衣物在洗涤过程中，污渍再次附着到衣物上，从而使得衣物在多次洗涤后依然亮丽如新
1	.环保进行时：衣物常新 地球常青.汰渍品牌总监萧乔阳先生在活动中提到，汰渍不仅一直致力于为中国消费者提供最好的洗护方案，同时也非常注重对环境的保护
1	从《关爱环境蓝皮书》的研究和发布，到此次携手大润发倡导“衣物常新 地球常青”护衣绿色消费主张，汰渍旨在通过研究出更好的洗涤产品和更好的衣物洗涤习惯来延长衣服使用寿命，切实推动行业变革
1	消费者使用汰渍天然护衣三色洗衣球，能够减少衣物的洗涤次数，延长衣服的穿着寿命，从而实现节约水资源和减少废物排放
1	.大润发大宁店店总朱保山也表示，大润发也一直注重践行企业社会责任，将可持续发展作为重要使命
1	这次大润发汰渍的强强联合，也呼吁大家从小事做起，“衣服常新 地球常青”，共同关爱环境，保护地球
1	关键词一：林熙蕾.林熙蕾是谁？.很多95后、00后可能会不太了解
1	但是稍早几年，在香港影坛，她应该是很多影迷心中的“白月光“，我犹记得她一身红裙的风姿
1	.生活中的林熙蕾非常的平和，但是每当说到自己喜欢的事情、喜欢的人，比如，NBA湖人队、老公小孩、烹饪、养生、她随处发现的一些美好的小物，她的眼睛里又会迸发出火光来
1	.她是个善于分享的人，虽然她娓娓道来的语气，似乎与当今主流的快节奏、带有冲击感的传播形式有些不合拍
1	但是生活已经如此快了，我们可能更需要去听一个慢条斯理且温柔的声音，娓娓道来，声音中带着点分享的愉悦感，带着点可爱的台湾腔
1	.这个时候，林熙蕾与橘子娱乐开启了《太太的法则》的录制
1	.关键词二：八年.从结婚生子隐退到现在，林熙蕾“消失”了刚好8年时间
1	.8年时间说短不短，娱乐圈起起伏伏，消失了8个月，就有可能就此淡出观众视野，更别提8年；说长却仿佛就在一瞬间，再次复出的她跟8年前似乎没什么变化，依旧披肩的黑色长发，素气的妆容，T恤和牛仔裤加上出门3分钟就会撞款的三道杠板鞋
1	.“我喜欢在必须要做的工作上，去寻找喜欢的特质
1	就像带了8年小孩，我也没觉得很委屈，我可以安静看看书、看看电影，可以做自己喜欢的饭菜和甜点，可以陪家人度假，准时准点的看球赛，可以用一大段时间潜心学习做一个好太太好妈妈
1	”.在分享到八年 “消失”在影坛时，林熙蕾不觉得可惜，“因为我想这样做啊，那是我当时的选择
1	”.“人生就是在做选择吧，8年前我选择隐退，后来有了自己的宝宝，和8年后我选择复出工作是一样的，只是我某个时刻做的某个选择而已
1	”. “选择“这个词很有趣，在《太太的法则》栏目中，林熙蕾频繁提到“选择”：“你们可以选择试试看哦”、“ 我选择这样去……”、“我选择这个会比较好……”. 关键词三：诗意与侠义.说到选择，林熙蕾8年来最大的变化用她的话来说是，“8年前学会做选择，8年后学会面对自己的选择
1	”.对于这次的复出，林熙蕾慎之又慎，没有选择拍剧或者大荧幕，而是又做出了一个让所有人都比较意外的决定——短视频
1	.方向定了，那么做什么类型的短视频呢？.息影8年的林熙蕾全身心投入家庭，自己学到最多的是如何做一个好太太、好妈妈，中间踩过许多的坑，也总结出了一大堆的生活经验，现在孩子已经相对独立，她希望可以走出来，把自己作为太太的经验，分享给更多的人
1	 .于是就有了这档与橘子娱乐联合打造的明星太太品质生活分享节目《太太的法则》
1	.古往今来，人们给予“太太”这个身份赋予了非常高的道德水准和品格定位，既要上得厅堂下得厨房，又要上孝下善，睿智优雅
1	.林熙蕾8年的太太生活又是怎样？.在第一期内容里，她分享了作为太太的饮食之道：如何在繁忙之际保持好身材，和新潮的饮食方式——无麸质饮食，并在节目中大方分享生活中哪些是麸质，为什么会有无麸质饮食这种饮食潮流，还在节目中动员编导试吃自己煮的无麸质面条
1	.虽然谈起“饮食”好像过于烟火气，和林熙蕾以往带给观众的那种“女神气质”形象不符，但是看她去掰面包、去煮面条……可以感觉出她一定是一个非常热爱生活的人
1	.林熙蕾在早期的武侠电影中塑造过许多侠女的角色，比如《大笑江湖》中独自闯荡江湖的月露公主，她英气的五官和眼中的坚毅，总会让人不觉想起“侠义”这个词
1	而回归烟火气的生活，侠意又是什么？.在林熙蕾的眼中，看似平静的生活其实很刁钻，总是有很多奇奇怪怪的想法和突如其来的困难要去面对，就像以前为了要健康的肤色所以去暴晒，导致皮肤受到了很多损伤，所以在第二期她去分享自己的防晒经历，告诉现在的年轻人，她们健康的肤色很美，但是科学的防晒防御也是很有必要的
1	.在接下来《太太的法则》中，林熙蕾还会分享许许多多自己探索的小“秘密”，比如垃圾分类、孩子的教育、夫妻的相处之道，等等
1	.她是一个有诗意的侠客，对抗生活又同时热爱着它
1	. 关键词四：分享.节目中，林熙蕾刻意避掉了强调教学、科普或者太多晦涩的专业词汇
1	.“我这就是一种分享而已，想不想看，想不想试试看，全在观众的选择
1	”.林熙蕾像一个多年不见又重逢的老友，在某个有点晒又有点闷的下午，拉着你去某个初初发现的甜品店，点了一盘你没吃过的小蛋糕，她说这个蛋糕好像用了什么很厉害又新奇的食材，她问你：想不想试试看？.我觉得我会
1	芒果TV年度盛会《2019青春芒果节》正在如火如荼地筹备中，而其中的压轴大戏“青春芒果夜”更是备受外界瞩目
1	今日，官方公布第一组嘉宾阵容，拥有天籁嗓音的田馥甄携马伯骞、钱正昊、王晨艺等一众青春偶像率先加盟，绝美嗓音与嘻哈歌舞的同台演绎简直期待满满
1	.田馥甄再现“田氏情歌”催泪   钱正昊唱作俱佳引期待.田馥甄一向以天籁嗓音获得一众听众的喜爱，其独特的情歌唱法为人们所乐道，迄今为止，诸如《小幸运》、《魔鬼中的天使》 等代表之作传唱度极高，街头巷尾都耳熟能详
1	此次率先加盟“青春芒果夜”，无疑是为晚会的“好听”板块率先加码，而她温柔细腻的嗓音也让观众早已“催泪预定”，提前为“田氏情歌”的婉转动听所折服
1	无独有偶，除了田馥甄之外，新生代唱作人钱正昊也官宣加盟
1	早先钱正昊的唱作水准曾让一众音乐人都倍感惊喜，此番登上“青春芒果夜”的舞台，会否携最新创作一同亮相，着实令人期待
1	.马伯骞跨界玩转嘻哈舞台   王晨艺或将献出新歌首舞台.回顾去年“青春芒果夜”，马伯骞与朱一龙带来嘻哈与抒情的完美融合，其低沉的嗓音也令人记忆犹新
1	从选秀歌手到嘻哈rapper，马伯骞在去年的“青春芒果夜”上交了一份满意的答卷
1	而今年再度携手“青春芒果夜”，一场完美的视听盛宴也即将拉开序幕
1	而同样从选秀出道的王晨艺，今年则是首次登上青春芒果节舞台
1	作为新晋唱跳偶像，王晨艺超强的舞台掌控力和高超的舞蹈技艺也是为“青春芒果夜”增加了又一看点，新歌首次舞台献给“青春芒果夜”也未可知
1	.不难看出，青春芒果夜释放的首批嘉宾都以唱跳为主，从情歌到嘻哈，从唱作到舞艺，舞台类型多种多样，精彩纷呈
1	而以田馥甄为首的这一众颜值与才艺齐飞的实力偶像还仅仅是本次“青春芒果节”的一个开端，更多精彩，敬请持续锁定芒果TV年度盛会《青春芒果夜》，今夏让你好看到底
1	处于地球“第三极”的喜马拉雅雪域高原生态环境在严重退化
1	著名登山家阿帕·谢而巴就曾忧心忡忡地说：“1989年，我第一次登上珠穆朗玛峰，那时山上积满厚雪和冰
1	但现在许多地方都裸露着岩石
1	”.珠峰面临的问题，其实是整个喜马拉雅环境问题的缩影
1	早在2005年，世界自然基金会就发出警告，随着气候变暖的影响，喜马拉雅已经成为全球冰川退缩最快的地区
1	长此以往，喜马拉雅的水资源将会严重流失，紧接着而来的便是高原上湿地、草原的萎缩，造成土地荒漠化
1	预计到2050年，喜马拉雅山脉上三分之二的冰川都将会消失
1	.中国化妆品领军企业伽蓝集团JALA旗下自然主义品牌自然堂源自喜马拉雅，该地独特的第三极地貌孕育出独特珍稀的雪域珍稀植物与海洋矿物质，是自然堂宝贵的原料来源与创意之源
1	取之自然，回馈自然
1	自然堂结合专家团队合理开发荒滩、荒地、沙地、严重退化裸露地，通过种植绿麦草 , 改善喜马拉雅雪域生态环境
1	. “小猎豹”发声，跳水队助力.7月10 日，当红明星郑恺通过微博发声，呼吁大家参与种草喜马拉雅， “种草养地、种草养畜、林草间作、沙固水聚”，守护喜马拉雅生态
1	同日，中国跳水队队员陈艾森、施廷懋也在微博发声，邀请大家共同助力，延续自然之美
1	.（图片：郑凯微博截图、陈艾森微博截图、施廷懋微博截图）.这意味着， 种草喜马拉雅公益项目已经开启！作为自然堂公益合伙人，“小猎豹”郑恺历年都参与了这项非常有意义的公益项目
1	不仅曾通过网络声援#种草喜马拉雅公益项目#，认领草场， “小猎豹”更是亲赴喜马拉雅，在使用自然堂防晒产品挑战当地超强紫外线之后亲自为自然堂喜马拉雅公益植物园播种下了一批种子
1	.源自喜马拉雅的自然主义品牌——自然堂珍视每一位“堂粉”参与公益爱心： 即日起，消费者凡购买1瓶自然堂纯粹滋润冰肌水160ml，自然堂将向喜马拉雅环保公益基金捐赠5元，用于种植100万平绿麦草（限量20万瓶）—— 守护喜马拉雅生态环境，带消费者一起见证“颜值力”变“守护力”！.（图片：冰肌水海报）.“抖”一抖，做好玩的公益.自然堂种草喜马拉雅已经进入第三季，从获得各界关注以及引起消费者广泛参与可见，自然堂将这一公益做得多么有趣
1	为了更有效地和年轻消费者沟通，全面顾及微博和抖音两大年轻人聚集的社交网络阵地，今年，自然堂设置的公益参与玩法又升级！种草原先基本条件不变的前提下，新增“种草喜马拉雅抖音挑战赛”！.打开抖音APP，扫描下方二维码，进入挑战赛主页，使用#种草喜马拉雅贴纸，摆出跟郑恺一样象征“喜马拉雅山”和“冰川水”的三角手势，为保护喜马拉雅生态发声
1	拍摄后配#自然堂创作原声音乐，并带话题#种草喜马拉雅，即可参与挑战赛！. .（图片：抖音挑战赛海报）.2019年7月10日~16日，参与自然堂种草喜马拉雅抖音挑战赛，将有机会获得如下奖励：第1-5名：自然堂源头旅行基金，价值3000元携程旅行卡；第6-15名：自然堂纯粹滋润冰肌水160mL，每人8瓶；第16-30名：定制版喜马拉雅明信片一套
1	开奖日期：2019年7月31日
1	. 环保不止于口号，在真实行动中
1	自然堂携手品牌伙伴，呼吁各界关注喜马拉雅正面临的严峻问题，并期望通过年轻人热衷的方式，带动大家参与公益的热情
1	喜马拉雅的美丽，希望有一份来自你的“守护力”！.从2017到2019，自然堂#种草喜马拉雅#公益行动走过三个年头
1	2016年，伽蓝集团与中华环境保护基金会达成战略合作伙伴关系，“自然堂喜马拉雅环保公益基金”正式成立，将自然堂“喜马拉雅膜法”面膜前100万片销售所得作为启动资金，保护有“亚洲水塔”之称的喜马拉雅水源；2017年，自然堂在喜马拉雅山脉中段日喀则亚东县的多庆湖畔种下了66万平方米的绿麦草，希望帮助改变和调整人们与草原的相处方式，把更多的空间还给大自然；2018年，自然堂在位于西藏林芝市鲁朗小镇的自然堂喜马拉雅公益种植园又播种下一批绿麦草，同年7月，与来自各界关系公益的人士在园中种下百株龙胆草幼苗，并与消费者一起“以你之名，种草喜马拉雅”，每卖出一瓶冰肌水向“自然堂喜马拉雅环保公益基金”捐赠5元，公益所得用于建立“自然堂喜马拉雅公益植物园”，收集、研究、培育、种植喜马拉雅植物，保护植物多样性；今年4月，自然堂再度携手中华环境保护基金会在日喀则市南木林县艾玛乡种下100万平方米的绿麦草，并将于7月18日，与各大媒体和KOL一起深入西藏腹地艾玛乡草场，呼吁“种草养地、种草养畜、林草间作、沙固水聚”，完成“种草喜马拉雅公益日”环保公益行，共同守护雪域高原生态环境
1	为帮助创作者了解行业趋势，少走弯路，培育更多短视频行业优秀创作者
1	7月15日，腾讯短视频创作联盟第二期大师班在中国传媒大学举办，现场邀请了著名导演蔡成杰、营销人李三水、短视频达人黑泽以及江苏省广播电视台互联网产品中心特聘编辑袁慧出席，分享各自竖屏创作的干货经验，带领腾讯短视频创作联盟成员一起领略他们玩转竖屏阅读体验的创作以及制作方法
1	.图：腾讯PCG内容与平台事业群内容平台部副总经理林文钦现场致辞.腾讯PCG内容与平台事业群内容平台部副总经理林文钦表示：“目前在企鹅号平台每天上百亿VV播放内容中，以竖屏内容增长最快
1	作为腾讯内容平台，企鹅号未来将联动腾讯微视、腾讯视频、QQ空间等各大流量分发平台进一步加强短视频内容制作，积极布局和丰富竖屏内容的播放场景，探索竖屏短剧和竖屏节目等
1	面对这些多元且庞大的竖屏短视频流量消费场景，企鹅号也期待携手更多出色的MCN机构或短视频创作达人，共同创作出更多精彩的竖屏内容
1	”他进一步指出，不论长视频、短视频、还是其他规格的短视频，内容质量和内容创新才是制胜法宝
1	.  专业与草根齐飞，竖屏创作未来可期.图：导演蔡成杰现场分享.随着短视频行业的井喷式增长，竖屏创作成为了大热的议题，内容创作的样态和方式也正发生着巨大的变化
1	在第二期大师班现场，导演蔡成杰以“如何正确虐待一部手机”为主题分享了他在创作《悟空》这部竖屏微电影时的诸多细节
1	作为一名专业创作者，如何在拍摄过程中协调好与摄影美术的关系，如何选取恰当的音乐、灯光和服化道具，激发各部门的协同创作，所有的实战经验都渗透着蔡导的深入思考
1	关于对竖画幅影像的探索尝试，他认为当代美学是一个不断打破陈规的过程，竖屏影像的出现将充分利用手机摄影的最大属性，为重构人们的视觉审美提供更多可能
1	.为什么是手机而不是摄影机拍摄？蔡成杰表示，智能手机的普及和影像科技的高速迭代，使得人人都有可能成为竖屏内容的创作者
1	《悟空》用手机实现接近电影的质感更多是一种尝试，也希望为创作者们提供另一种视角
1	“随着越来越多优秀创作者加入、打磨和沉淀，竖屏创作一定会成为未来短视频创作的主流方向
1	”.图：短视频达人黑泽现场分享.而自由的创作环境和行业红利也催生了一批草根演员的诞生，短视频达人黑泽就是这样一个代表，他在全网拥有1000万粉丝，单条视频播放量达9500万次，号称“全网第一视角的男友力第一人”
1	关于竖屏创作方法论，黑泽的关键词是“内容迭代”，在趋势方面，他坚持以竖屏为主导，增加场景化的创作；在思路方面，采用第一视角加恋爱内容确定自己差异化的定位，以恋爱情感引发粉丝共鸣
1	此外，在技术呈现上，黑泽还强调竖屏拍摄要以人为主，节奏一定要短平快，可适当增加背景音乐提升视听效果
1	. 释放商业潜能 火爆市场背后的竖屏经济.除了专业影视探索和草根的自我表达，竖屏趋势同样在短视频商业变现方面得到验证
1	数据显示，2019年短视频广告市场规模将突破200亿，其中竖屏广告在传播效率和互动转化方面上又优于横屏广告，有望占据C位成为品牌营销的新宠
1	.图：营销人李三水现场分享.作为资深营销人，李三水对竖屏创作的价值十分笃定
1	他同时强调，把握正确的趋势才会获得更加长远的发展
1	李三水表示，“在通往未来的大道上，宁可去创造一台奇形怪状的汽车，也不要去做一辆风光无限的马车
1	”他对自媒体未来的发展也有个全新的判断，他认为，所有的媒体形式都是暂时的，而超脱于媒体形式思维模式才是未来行业发展的最优解
1	在这种情况下，自媒体在未来两到三年内会进化为超媒体，会涉及到漫画、体育、综艺等等各个领域，在各种屏幕上进行展示
1	如W企业价值观所言：不做创意人，只做创造者
1	而未来同理：不做竖屏，只做超屏
1	.图：江苏省广播电视台互联网产品中心特聘编辑袁慧现场分享.关于竖屏时代下的商业模式的变与不变，袁慧以上线微视三天就斩获千万播放量的现象级竖屏短剧《阳仔的恋爱公式》为例，分享了江苏广电团队的创作经验
1	“与横屏时代的重场面、重环节、重逻辑不同，竖屏时代信息量更精简，话题更精准、抖包袱也更机灵，屏幕焦点从场景到人的转变也让叙事节奏发生变化，能不能让用户在5秒之内产生兴趣尤为关键
1	”袁慧表示，在重人物、重细节、重互动、重模仿、去中心的创作原则下，江苏广电也逐渐摸索出短视频“生意”的门道，即深刻洞察用户输出具有鲜明价值观的作品获得市场认可，以流量分成、商业植入、艺人经济等多维度带动UGC和PGC内容的商业变现
1	她坚信，竖屏创作未来无论从内容还是制作团队都会朝着专业化方向转变
1	. 打造干货内容分享平台，短视频创作联盟第二期招募在即.事实上，为培育更多短视频行业优秀创作者，进一步强化腾讯短视频内容生态建设，企鹅号在2018年就发起了“一拍即合”创作者社群计划，通过成立短视频创作联盟的方式打通从创作、运营到商业变现的全链条，输出干货经验和爆款方法论，让创作者可以轻装上阵，有清晰的成长路径
1	本次竖屏创作分享会就是其中的主题之一，未来企鹅号还将针对创作者遇到的痛点难点和行业趋势组织系列大师班主题活动
1	.据了解，在经过第一期招募活动后，已经有100位优质短视频内容创作者加入了腾讯短视频创作联盟
1	为了征集更多短视频行业精英人才，共建优质内容分享平台，联盟第二期招募活动也将于8月中旬启动，有兴趣的创作者可关注企鹅号近期动态
1	2019年7月20日，全球最受欢迎的非侵入式肌肤健康护理疗程海菲秀，携手海菲秀官方认证的合作机构： Cell Cyclin细胞管理中心及北京安加医疗美容诊所，在帝都三里屯展开海菲秀2019 World Tour 焕肤之旅北京首站
1	海菲秀World Tour是海菲秀品牌自成立以来的一项重要品牌活动，曾创下风靡全球87个国家，受数十万人追捧超过5000人参与的辉煌成绩
1	.. 据悉，现场超200人参与本次海菲秀2019World Tour北京站的活动中，粉丝朋友除了能亲自体验到海菲秀的前沿专利及技术，同时还与多位皮肤科专家医师咨询前沿的护肤知识
1	现场充满时尚感的布置、有趣的互动环节、精美可口的下午茶及令人惊喜的礼品，让这场科技护肤之旅增添了更多的闪光及令人回味的精彩瞬间
1	. 海菲秀作为一种非侵入式的护肤疗程，非常适合日常长期护理，并且适用于所有肤质，它主要以快速修复肌肤屏障的“黑”科技为核心，结合涡旋科技专业仪器，清除老废角质，导入精华液成分，零痛感、零修复期，来帮助肌肤实现深层净化＋健康滋养的功效，快速还原健康美肌
1	主要通过三个步骤，30分钟即可完成护理，为你重现最真实的裸肌之美
1	.  海菲秀「净颜+活肤、吸净+焕颜、滋养+修护」3步骤的体验，有着神奇的焕肤魔力，现场大家成就满满地秀出来洁肤后的“小脏水”
1	 海菲秀焕肤疗程不但符合80、90的高效便捷的生活方式，同时能达到深层净肤、水润亮肤的效果，让爱美的朋友们与风靡全球的肌肤健康护理新概念保持零时差，焕新肌肤的原始状态
1	.另外，全球首个院线护理结合家居的一体化的海菲秀Perk 唇部疗程也在现场抢先亮相，仅需10分钟，立即拥有嘟嘟润唇
1	.海菲秀品牌通过全球World Tour 快闪活动的形式，让更多爱美者可以随时随地免费体验海菲秀焕肤风暴的神奇魅力
1	从纽约时装周超模、顶级巨星到社交名流，包括好莱坞名媛帕丽斯·希尔顿 (Paris　Hilton) 、美国女星艾德丽安·马卢夫 (Adrienne　Maloof)、维密天使坎蒂丝·斯瓦内普尔 (Candice Swanepoel) ，都曾公开分享自己保持好肤质的美肌秘密，那就是：海菲秀！..
1	7月22日下午， 2019中国文娱金数据年中发布会在北京举办
1	本次发布最重磅的两大榜单分别为上半年度商业价值男女艺人榜以及上半年度代言效果指数榜
1	因《知否知否应是绿肥红瘦》、《我的真朋友》等热门剧集的播出，朱一龙稳坐上半年商业价值男艺人榜同时也是艺人商业价值总榜第一名
1	而女艺人榜冠军则由迪丽热巴获得，上半年热巴凭借综艺《创造营2019》维持着高热度，同时，良品铺子、佳明、cleaneed等代言也为其代言指数助力，因此成为当之无愧的商业价值女王
1	. 上半年的突出新星，仍然继续由综艺创造
1	两档最火的偶像养成类《青春有你》和《创造营2019》的C位艺人周震南和李汶翰，商业价值半年内蹿升了879位和332位
1	从1月到6月，这两位艺人的商业价值逐月提升，6月更是双双进入商业价值总榜TOP50
1	.   品牌方面，可口可乐在今年签下唯一的品牌形象代言人朱一龙，并因此秒杀了其他品牌，拿下饮料品类上半年度代言效果指数榜冠军
1	百醇则赢得食品品类榜首，他们也仅邀请春夏一人成为品牌代言人，却也因颇为契合的形象获得了不错的效果
1	. 此外，同样由易烊千玺代言的优益C和纪梵希美妆，分别拿下乳品和彩妆类上半年度代言效果榜首；朱一龙代言的萧邦，成为奢侈品品类榜首；屈楚萧代言的露露柠檬成为轻奢类第一；胡歌作为产品代言的凯迪拉克，稳坐汽车类第一把交椅；而拥有金瀚、阿云嘎、郑云龙和吴尊四位品牌大使的海飞丝，则成为日化类表现最好的品牌
1	由爱奇艺出品，杜淳、刘奕君、许龄月、代旭、宁理、陈雨锶领衔出演的孤岛冒险剧《无主之城》，将于7月24日20点登陆爱奇艺
1	7月22日，该剧在北京举行了媒体看片会，爱奇艺副总裁、自制剧开发中心总经理、《无主之城》总制片人戴莹出席，总制片人李亚平、编剧徐速、主演刘奕君等一众主创人员到场，与业内资深人士、媒体人齐聚共鉴《无主之城》三集正片，就该剧台前幕后的故事及内容创新进行分享和深入探讨
1	. 《无主之城》集结实力派演员  刘奕君如愿以偿演绎感情戏.《无主之城》讲述了一群身份、经历、性格各异的旅客误入空城后不得不在荒岛求生的故事
1	罗燃为了探寻大学教授梁冬神秘身亡的真相，而登上一列观光列车
1	出人意料的是，途中火车阴差阳错进入一座废弃空城，幸存者与外界彻底失联，还接连遭遇离奇之事…….看片会上，众多业内资深人士和主创们一起观看了《无主之城》的三集正片，杜淳饰演的罗燃一改曾经干净利落的形象，微卷发型叠加胡茬造型，颠覆众人想象，粉丝们更是大胆表白自己被杜淳的硬汉气质撩到
1	“反派专业户”刘奕君演技精湛，将精明商人陈立这一人物角色的多面性演绎得淋漓尽致
1	杜淳和刘奕君在人设上的新亮点让两人在绝境中做出的选择大相径庭
1	在遭遇蝙蝠袭击的情况下，是放弃寻找丢失的孩子而保全自己，还是不畏凶险挺身而出，“空城冒险”的剧情在多位实力派演员的联合演绎下格外真实、细腻
1	不过短短三集，就透露出大量信息，节奏之快让到场媒体大呼过瘾
1	.“没有人是一座孤岛，我们的命运紧密相连”，总制片人戴莹觉得这句话特别符合这部剧，“我们所有的演员和所有的剧中人物都是这样，相互给予力量，每个人到位的演绎，才能有一个完整的呈现
1	”在总制片人李亚平看来，《无主之城》作为群像戏，每个人物的特点都很鲜明，所以他们对于选角的唯一要求就是所选演员一定要符合剧中各类角色，并能够真正把自己带入到这个角色中来
1	.此前一直希望尝试感情戏的刘奕君此次终于如愿以偿
1	对他来说，整场戏最大的挑战也是自己很少接触的感情戏，为此，他会花费很多的时间和精力去仔细揣摩情感表达的尺度
1	谈及陈立这个角色，刘奕君表示“他的身上充满不确定性，既有甜宠美好的一面，也有冷酷决绝的一面
1	”亦正亦邪的外形，再加上出众的演技，让他在塑造具有多面性的人物角色时能够游刃有余
1	.群像戏创作难度大  一场冒险勾勒社会“众生相”.相比常见的男女主搭配，大女主、大男主热潮，以及近来兴起的双女主、双男主的搭档，《无主之城》更聚焦群像戏，展现生活中小人物在困境中所呈现出来的状态
1	.编剧徐速表示群像戏的创作难度更大，工作量呈几何级递增，需要充分了解每一个人物，让每个人物的形象都更饱满、更立体，几乎二十几个人物都有长篇幅的人物小传，写一部戏就像写了好几部
1	.总制片人李亚平认为《无主之城》做到“好看”的同时还实现了价值观传递，“不管在什么样极致的困境下，遇到什么样的威胁，无论是利益的驱使还是危机的压迫，我们作为一个人，都应该有选择的去做一个善良的人，这是我们这部剧背后所想要传达的东西
1	”.《无主之城》以荒岛空城这一生活空间来聚集多个不同背景的人，讲述的故事也是从个人引至群体，这种具有烟火气的冒险剧传递出的人间真善美，于无声处浸润人心，更加真实可感
1	.主创团队匠心打造酷爽剧  荒岛求生拍出新意.在今夏接踵而至的“甜剧”热潮中，凭借孤岛冒险创新题材而获得广泛关注的《无主之城》，可以说是“暑期档的一股清流”
1	该剧采取类似“暴风雪山庄”式自成一体的经典悬疑世界观，上演一场理性与感性并存的生死博弈
1	求生线、悬疑线等多线情节一一铺展，剧情层层递进扣人心弦，让人欲罢不能
1	总制片人戴莹表示之所以在竞争激烈的暑期档推出《无主之城》这部男频剧，是因为男频戏在暑期档很稀缺，能够为“甜剧”包裹的暑期带来一丝清凉
1	另外，这部剧虽然看上去是以男性为主要视角讲述的故事，但女性用户对于这种剧集从来都没有吝啬自己的好奇心，这也是《无主之城》的优势所在
1	编剧徐速也希望在众多以恋爱为导向的剧中，这类行业内稀缺的新鲜题材能够给大家带来不一样的感受
1	.荒岛求生类型的影视剧并不少见，很多都以如何活下去作为故事主线，《无主之城》突破题材想象力，以全新视角融入冒险和悬疑感，更加引人入胜
1	在总制片人戴莹看来，主创团队们在这部剧中试图把“好奇心”和“共情”这两个影视剧里最核心的点糅合在一起，“悬疑、冒险加AI，这是之前国内剧集没有去尝试和描述的角度
1	”.荒岛空城里，谁会是鼎力相助的队友？谁又是搅乱局面的幕后boss？7月24日起，《无主之城》在爱奇艺全网独播，每周三至周五20点各更新2集，会员提前看一周
1	看过喜剧小品、看过相声、看过脱口秀……甚至你也知道即兴喜剧
1	那么，你听说过即兴互动剧吗？. 即兴喜剧是一种没有剧本没有台词的新型喜剧形式，而即兴互动剧则是在已有的故事框架和人物设定下，台上演员现场带领观众进行即兴互动再创作，剧情走向将根据观众提供的关键词而定，过程中不断衍生出各种神转折，观众也有机会上台参演重要角色，而且结局也许会出人意料
1	. 今天橘子君给大家安利一部线下即兴互动喜剧——《Yes，and白雪公主》
1	..故事很“熟悉”、过程很“沙雕”、结局有“毒”. 这部剧以经典格林童话《白雪公主与七个小矮人》的故事为框架来创作
1	剧中开篇是白雪公主参加国王安排的相亲大会，前来相亲的王子却是形态各异……公主与挑选出来的王子在短暂甜蜜后开始被恶毒的皇后追杀
1	公主独自逃亡，一番跋山涉水后被善良的小矮人们收留
1	穷追不舍的皇后最终还是找到公主并将其带走，此时王子从战场归来，而突然无法说话的小矮人该怎么告诉王子公主被绑架的消息呢，王子又将如何去拯救他的公主呢？. 故事的结局当然是大团圆，但王子的CP居然不是公主！. 剧透虽然可耻，但橘子君真的忍不住和大家安利一些让人笑到打鸣的片段：. ·肢体游戏趣味十足.公主被皇后抓走后，不能开口说话的小矮人只能通过肢体语言来传达噩耗
1	这Part是即兴喜剧中经常玩到的一个小游戏，相当考验演员的表现力和相互之间的默契配合
1	当然，再强的默契也有可能在现场观众的“刁难”下翻车，而“翻车”的表演也是观看该剧一大乐趣
1	.·“广告植入”无下限.公主跨过高山河流、遇见蓝天白云、身边还环绕着各种可爱的小动物
1	舞台上1分钟的艰辛逃亡之路，巧妙融入了百某山、某猫等十余个知名品牌，令人叫绝
1	.·硬核搞怪台词.1. 就你天天在家等，除了快递和外卖，还能等来什么缘分！.2. 你们捉住了我，我也捉住了你们，这就是牛顿第三定律！.3. 隔壁那个睡美人，一天天就知道睡觉，都生二胎了！..当然，看到这些，你一定还是无法切身感受这部剧到底有多好笑！那么不妨来现场体验一下吧！...演出地点.《Yes，and白雪公主》近期每周五晚均会在北京42Play娱乐现场（华贸中心）的舞台上演
1	另外，这里还有一个隐藏的身份：一家富有浓郁美式情调的餐厅，夜间这里会上演脱口秀、即兴喜剧、素描喜剧等各类精彩的演出内容，非常适合想要放松减压，但已过了屯儿里蹦迪年龄的帝都青年们
1	.附上近期演出安排.每周三：减压小周末-即兴新势力（女士免费入场）.每周四：脱口秀之夜-京城名嘴聚集地.每周五：成人童话夜-《Yes，and白雪公主》.每周六：即兴夜Pro-意想不到、笑果炸裂.每周日：欢笑BRUNCH . 地点：北京朝阳区华贸购物中心一层北广场东侧..
1	今日下午，蔡徐坤为即将到来的《青春芒果夜》演出奔赴长沙，头戴黑色渔夫帽、口罩掩面低调现身长沙机场，身着荧光绿色的运动长裤，上身搭配花衬衫，看上去充满夏日气息，元气十足
1	此前，蔡徐坤发表了新歌预告备受大家关注
1	据悉，他将在7月27日晚《青春芒果夜》上首次表演新歌《YOUNG》，甚至亲自参与舞台设计，如此精心的准备着实引人期待
1	#青春芒果夜#钱正昊、王晨艺彩排画面曝光，两人边唱边跳，贴身斗舞，十分投入
1	据悉此次两人不仅会有各自solo表演，还会带来合作舞台
1	青春芒果夜将于7月27日晚上20:18分在长沙举行，芒果TV现场直播，敬请期待！.1/8
1	芒果TV汇聚了诸多豪华艺人的《青春芒果夜》终于将在7月27日20：18和大家见面，除了李宇春、吴青峰、蔡徐坤、黄子韬等艺人的加盟，暖心男孩赖冠霖也确认出席《青春芒果夜》，这也是他在解约风波后的首次亮相
1	近日，赖冠霖接受了媒体群访，首次正式回应解约，坦言不会让任何事情打乱自己的节奏，专注于手头工作才是最重要的
1	对于即将到来的《青春芒果夜》晚会，赖冠霖结合舞台整体设计感上也认真准备了惊喜，值得我们的期待
1	.解约风波后首次正式回应 坦言“不会打乱自己的节奏”.关于这次解约事件，最让大家担心的就是赖冠霖本人的状态，接受采访的赖冠霖似乎并未受到事件影响，他也首次进行了正式回应：“现在不会让任何一件事去打乱我的节奏，会从容地把手中所有的工作做好”
1	有了这番话，相信大众能够安心不少
1	打开年轻的方式有很多种，对于仍处于青春时段的赖冠霖来说，“现在创造的每一件事情都是特别难忘的”，所以我们也希望他能够尽快处理好这次的解约风波
1	.当记者在采访中提到有网友在知乎评价赖冠霖：“有着超越年龄的成熟”时，他淡然表示只是呈现了最真实的状态
1	对艺人来说，真实是难能可贵的好品质，而赖冠霖身上的真实还体现在他对工作的理解上
1	和众多努力工作的社会群体一样，赖冠霖的工作压力自然也是不小，但是他认为“忙碌只是生活的一部分，不是全部，生活还有篮球、家庭等，要有自己对生活的把控”
1	平时私下也会和很多演艺圈的前辈一起打球，因为大家对待篮球的纯粹和热爱，自己也能得到不小的放松，也是非常接地气的邻家大男孩了
1	. 参加《青春芒果夜》不忘联络谢娜 风波后首次亮相引关注.赖冠霖这样的暖心男孩，与芒果TV的渊源也不小
1	他的国内综艺首秀就是《快乐大本营》，当时录制节目得到了快乐家族不小的帮助和建议，也和“太阳女神”谢娜结下了交情
1	当得知要参加7月27日的《青春芒果夜》时，他还特意联络了“太阳女神”谢娜，也非常希望自己的表演能得到女神的认可，当记者提问二人是否会在晚会现场进行互动时，赖冠霖则卖了个关子：“还得看制作组怎么安排”
1	.据了解，赖冠霖会在27号的晚会中表演，聊到当天的节目内容，他也是自信满满，毕竟是自己最擅长的唱跳，相信舞台上的他会有帅气成熟的表现，在舞台效果和整体设计上，也会从色彩的角度进行大胆尝试，大家可以期待下赖冠霖在《青春芒果夜》特别的节目表现了
1	.聊《初恋那件小事》拍摄体验 仍会虚心请教前辈磨炼演技.我们都知道，擅长唱跳的赖冠霖是以歌手的身份出道的，但是他也积极参演了电视剧《初恋那件小事》，虽然还没正式和大家见面，但是对于观众人人都有的初恋共鸣，赖冠霖也认为那是非常强烈的，这次的影视剧尝试也让他遇到了特别好的剧组团队，正在磨炼演技的赖冠霖很希望之后能再遇到好的剧本，也会虚心向前辈请教演技
1	不过最后，调皮的赖冠霖没有透露自己的初恋经历，这部分只能等待他往后的分享了
1	.9月23日，赖冠霖即将迎来自己的18岁成人礼，宠粉的他明确地表示：“今年不会自己度过，一定会想着和大家有互动，这部分也一直在规划”，看来大家可以期待下成年的赖冠霖有怎样强大的全新面貌
1	.至于未来的音乐规划，赖冠霖希望做出来的东西一定会有自己的风格，在保有风格的基础上再去不断创新和突破
1	在期待歌手赖冠霖更多优质音乐作品的同时，我们也共同等待7月27日20：18他在《青春芒果夜》的活力亮相
1	由花明导演，侯明昊、彭昱畅、盖玥希主演的青春奇幻电影《回到过去拥抱你》今日全国上映，盖玥希在影片中饰演女汉子郭思嘉，首次担任大荧幕女主的她，细腻演技获观众好评，凭实力跻身新生派花旦行列
1	. 让青春不留遗憾  为纯真感情付出. 《回到过去拥抱你》讲述了高斯林（侯明昊饰）、张子扬（彭昱畅饰）、郭思嘉（盖玥希饰）三位好友从小一起长大，却因青春的一次误会，造成张子扬的任性离世
1	为挽回遗憾，高斯林和郭思嘉想尽办法回到过去挽救好友生命
1	其中，盖玥希饰演的郭思嘉不仅角色本身张力十足，而且更贴近高中现实生活，具有较强的讨论度
1	. 郭思嘉的故事一开始，便和郭斯林、张子扬如同哥们儿般的相处
1	虽知二人对自己有超越友情的情感，但为了不打破这层平衡，她坚定的选择视而不见
1	郭思嘉这一角色代表着那些在青春时期对友情和爱情的选择，充满着懵懂又觊觎的女生群体
1	盖玥希在接受采访时也表示，虽然不鼓励学生早恋，但年少时的那一份真实情感流露也是一种难得可贵的感觉
1	而在这个夏天，三人到底会发生什么呢？只待大家去影院一探究竟了
1	. 盖玥希首挑女主大梁  凭实力跻身花旦行列. 电影《回到过去拥抱你》是盖玥希首次担任大荧幕女主作品
1	自出道以来，盖玥希的表现确实不俗，影片中女汉子郭思嘉在前、中、后期的人物情绪各不相同，从一开始未经世事的少女般无忧无虑，到和好友关系分崩离析后的失望透顶，再到张子扬意外身亡后的自责与悲愤，盖玥希都将人物的情绪与眼神拿捏到位，细腻的演技令观众直呼自然
1	此前，她在电视剧《青春斗》中的表现，也给许多人留下了深刻印象
1	几部作品的加持，使她凭实力跻身新生派花旦的行列
1	. 而盖玥希的所有努力也同样获得了导演们的认可
1	本片导演花明在发布会上表示，盖玥希为此角色牺牲很大，女生的头发如同命脉，她为了更理解这一角色，起初从不曾考虑佩戴假发，而是直接忍痛剪掉了自己的长发
1	这种精神便是作为一名演员的初心
1	电视剧《青春斗》导演赵宝刚曾经也毫不吝啬的夸赞盖玥希，称如果没有找到她，可能《青春斗》就不拍了，至此给予了对盖玥希的高度肯定
1	盖玥希对于表演有着自己的理解，在她身上有着非科班出身的细腻真实感，这大概就是她永葆初心最可贵的地方
1	. 电影《回到过去拥抱你》今日起登陆全国各大院线与观众见面，期待郭思嘉的不同魅力
1	这个夏天，让我们的青春不留遗憾，一起想约《回到过去拥抱你》！..
1	《长安十二时辰》自开播以来，就收获了不少观众的好评，整部电视剧把长安城朝堂之上风波诡谲，民坊之间危机四伏的十二时辰完美的演绎出来
1	相信大伙已经吹累了画面和剧情，这次我们把重点放在字体，先放上几张图给大家欣赏：.字迹骨架敦厚，笔法粗旷有力，充满了历史的沧桑感，给《长安十二时辰》的海报增色不少
1	让笔记君没想到的是，如此大佬的字体，竟是出一位演员之手
1	他就是明明靠演技就能圈粉无数，偏偏书法还十分在线，在《欢乐颂》中饰演安迪前男友的——祖峰
1	.这其实不是祖峰老师第一次现场动笔，早在《北京遇上西雅图之不二情书》他就亲自书写了电影内的书信，更是让网友们直呼：“这是什么神仙演员啊，字写的太有感觉了！”.祖峰温文尔雅的气质，也与他平日潜心书法有很大的关系
1	他在上大学的时候，每周都坚持手写书信给家中的父母，一笔一划，所有情感由笔尖凝结在纸面，是最美妙的表达
1	. 你还记得提笔的感觉么？. -在牙牙学语的年纪，是母亲大手握小手，教会你从基础的横竖撇捺组合成名字
1	.-在情窦初开的年纪，幼稚的笔触中蕴含了满满的诚意，只为打动心上的姑娘
1	.-在辛勤工作的年纪，趁着闲暇时光，在书桌前静心书写三两笔成为你缓解压力的良方
1	. 手写，一直是一种有温度的记录方式
1	但随着移动通讯设备的普及，我们早已没有了随身携带纸笔的习惯，手写次数也随之越来越少
1	.而有道云笔记手写功能，则让我们可以直接在屏幕上手写文字，摆脱纸笔的束缚，随时随地体验手写的乐趣
1	通过算法处理屏幕书写数据，可以真实还原手写文字的笔锋，让屏幕书写的字也超级好看！！！.同时，我们一笔一划写下的文字，都将自动云端存储在有道云笔记账号里
1	无论是用手机还是电脑，都能随时查看我们的手写笔记
1	那些认真写下的话，永远不会丢失
1	. 今天，有道云笔记携手方正手迹，联合推出了“全民手写大赛”屏写专场！.一撇一捺，让我们用屏幕书写，再认真地好好感受汉字之美
1	. 手写笔记生成长图..这么热的天儿，怎么能少得了夏日福利呢？参加此次手写大赛，不仅有现金大奖坐镇，更有曾卖断货的有道云笔智能书写套装和VIP会员卡等你来拿！.也许我们的字不是写得最惊艳，但文字背后表达的感情，才最容易打动人
1	.现在就打开有道云笔记app使用手写功能，说不定你就是拿到大奖的幸运儿！.赶紧投稿，解锁自己的字体风格吧！..
1	芒果TV年度盛会《青春芒果夜》于7月27日晚20：18火爆启动，本次晚会以“打卡”为主题，释放出全新的“芒果星球空间站”概念
1	此前官宣的一众艺人嘉宾齐聚，现场星光闪耀
1	.                                               李宇春、蔡徐坤、吴青峰都在现场奉献了他们的全新舞台live秀；田馥甄用天籁嗓音唱出一段金曲串烧、朱一龙结合纱幔舞台用两首情歌撩动观众，一首《我要我们在一起》更是打动了众多粉丝和观众的心，黄子韬也将现场公布神秘的新综艺计划
1	.高嘉朗和陈意涵带来的《伤心的人别听慢歌》，燃爆现场气氛
1	而在表演期间，高嘉朗对陈意涵的“直男式搀扶”成为了网友热议的话题
1	乐华七子NEXT表演时，朱正廷不慎耳麦脱落，但他很快反应过来完成表演，足以见其对待舞台的敬畏之心
1	.除了有全新舞台live秀，大张伟和乐华七子NEXT演绎《我怎么这么好看2019》嗨趴开场，吴青峰及刘宪华用钢琴搭配歌声奏出《歌颂者》，何炅和彭昱畅的主持阵容等组合搭档也带来了全新的舞台体验
1	除此之外，现场迎来了援外医生张广军、高原气象员王烈福和“心芽TEAM”公益组织的成员，观众在享受视听盛宴的同时，体会到了青春榜样的正能量感染力
1	.金曲串烧引发青春悸动，新歌首秀见证不同阶段的青春宣言，人气嘉宾齐上阵引爆全场热情，向青春榜样学习弘扬正能量
1	芒果TV致敬榜样，传递青春正能量
1	暌违五载，东方卫视携手灿星制作联袂制作的海天蚝油《中国达人秀》第六季将于8月重磅回归
1	.7月28日，《中国达人秀》第六季在乌镇举行了开播新闻发布会
1	.由沈腾、杨幂、金星、蔡国庆组成的全新梦想观察员阵容首次同台亮相
1	.作为东方卫视的首档国民性综艺IP,全新归来的《中国达人秀》延续前五季“相信梦想，相信奇迹”的节目宗旨，同时通过启用四位风格迥异的明星观察员以及创新赛制与当下时代旋律相呼应
1	这个夏末，聚焦中国最普通老百姓生活与梦想的《中国达人秀》，将和广大观众见证新一轮的“达人狂潮”
1	.发布会上，全新升级的赛制亮点“黄金按钮”首次公开，四位梦想观察员之间的十足默契也引发现场笑声不断，不知道节目正式播出时，《中国达人秀》还会带给大家哪些惊喜？.沈腾成“舅”、金星成“姨”，杨幂成“认亲达人”， 蔡国庆成“保鲜潮人”.发布会现场，“成团”不久的四位梦想观察员大方爆料录制现场趣事并互送礼物，展现了全程高能的化学反应
1	.一身潮装的蔡国庆登场就表示，自己这些年全力“保鲜”，就是在等坐上第六季《中国达人秀》梦想观察员的席位，沈腾听完，立即接梗自嘲“那我来得太仓促了”
1	.玩笑归玩笑，谈到录制感受和评选标准时，沈腾自爆自己是最心软的观察员，给的yes最多，“可能是年纪大了，特别容易被选手感染，之前一个歌手刚开口，我就忍不住想哭”
1	.相对而言，金星算是比较严格的梦想观察员，她心目中的“达人”要在自己的普通生活之外，有着与众不同且足够极致的长处，“我对每个节目有40秒的忍耐期，如果在这之后没有打动我的东西，我就会按no
1	”.作为团内最年轻的成员，活泼的杨幂表现出了鲜明的“团宠属性”
1	不仅亲切地称呼沈腾为“二舅”、金星为“金姨”，还和口中的“我哥”蔡国庆共享暗号
1	节目录制下来，杨幂谦虚表示，自己在《达人秀》的舞台上见识了很多震撼的表演，是一次长见识的旅程
1	至于评判标准，杨幂坦言，自己对于一些专业表演没有太多见解，主要尊崇内心做选择
1	.在互送礼物环节，四位观察员也充分展示了自己的个性人设
1	蔡国庆收到了时尚达人杨幂送出的手持电风扇，两人还顺势开启了“风吹秀发”的街拍模式；蔡国庆送给金星的是古法驻颜秘籍，还现场分享了“搓搓操”打油诗，“搓搓搓，越搓越会有人爱”的魔性口诀给大家留下了深刻印象
1	.沈腾则收到了金星送出的乌鸡汤，她解释说，乌鸡汤正像自己在娱乐圈的定位一样，看起来卖相难以下咽，实际营养丰富
1	这一环节的高潮来自于沈腾为杨幂准备的礼物——垃圾分类斜挎包
1	沈腾还煞有介事地给自己分了个类，“我在南方是湿垃圾，在北方是干垃圾，对于家人我就是可回收垃圾了”
1	收到礼物的杨幂表示很满意，自己最近正好在学习关于垃圾分类的知识
1	.新增“黄金按钮”为个性达人护航，内容创新助力国民IP焕发新生机.在全新的梦想观察员阵容加持下，重磅回归的第六季《中国达人秀》在赛制上进行了多处革新
1	新增的黄金按钮赛制给予每位梦想观察员一次“一键保送”的机会，即如果有参赛选手的表演在某一维度上有过人的吸引力，赢得任何一位梦想观察员青睐，便可直接晋级半决赛
1	发布会现场，主持人程雷透露，在目前的录制中，只有金星使用过一次黄金按钮，至于是一位什么样的达人，还得等到节目正式播出才能揭晓
1	.除了备受关注的黄金按钮，本季《中国达人秀》还引进观众投票团，实现互联网时代的全民之选；开展场外挑战，突破演出场地的限制，探索全新的才艺纬度；与世界达人正面battle实现中国平民精神与世界对话
1	正如蔡国庆所言，通过《达人秀》，观众看见不仅是“达人”，还有背后千千万万的老百姓，尤其是面对困苦和险境的时候，不服输不放弃的人生态度
1	.一手打造出《中国达人秀》这个IP的星空华文国际传媒有限公司总裁、首席执行官田明强调，对于灿星来说，《中国达人秀》是梦想开始的地方，也是实现自我价值的抓手
1	“除了传承原有的核心与价值，老牌综艺能否通过内容创新获得新的生命，也是第六季《中国达人秀》被时代赋予的更深远的内涵
1	”.SMG影视剧中心主任、东方卫视中心总监王磊卿则表示，《中国达人秀》这个IP在东方卫视的成长壮大中具有里程碑意义
1	2010年《中国达人秀》启航，是为了在上海世博会期间，向世界介绍中国
1	时隔五年荣耀回归，则是为了向新中国70周年献礼，展现当代中国人的自信自强和自立，相信接档《极限挑战》的第六季《中国达人秀》也会释放良好的收视潜力
1	.《中国达人秀》第六季由海天蚝油独家冠名，方太特约赞助播出
1	感谢指定用车北汽新能源、特别支持金龙鱼1：1：1以及指定产品东鹏特饮
1	节目将于8月11起每周日晚21点档在东方卫视播出
